asin,brandName,title,link,matchedWord
B0BXRD19MV,EM Cosmetics,EM COSMETICS,https://www.amazon.com/Cushion-Tinted-Luminizer-Balm-Quartz/dp/B0BXRD19MV/ref=sr_1_6?dib=eyJ2IjoiMSJ9.pWnXaUy-6ft_8M5C3-_Xa-q1PKHIOB9NukZjvNr6eBY33w-9-NgqO8liTz8-g1n_939rAq2d9x_jTn8rYLkHx5R7jRzD9C-LFBc_0ixA7C1YaNs1-VmbGoORk5G2mxdwGV86jmlb2IzUUMdExweb1sziBxud8gPCe4UIBVMNVt6J2n2BNAadOEcyDroMgRy4AxZB0H_zIsjPt1-4ULsqo7ML_VSPhs3DIDhAwZGyKkpnRc4-fieqdbQ08zkR8d039VSK4Hv4P2bpGskxnFfBRJyM1fqyoq0Rp8A4TP-j9a0.fWcZLQ3KexkYGG6ovOCBQYcNzX4nKVOUcI2mVBvFzao&dib_tag=se&keywords=EM+Cosmetics&qid=1747908408&sr=8-6,Exact Match
B00P85Q5A6,Frankie Rose Cosmetics,Frankie Rose Cosmetics,https://www.amazon.com/Frankie-Rose-Cosmetics-Perfection-Foundation/dp/B00P85Q5A6/ref=sr_1_1?dib=eyJ2IjoiMSJ9.H1DkepHUDyPwEQ_r4SLoGjYdLrtVu5vSB8b7zrlj1tVHkmEuBdpHEtavONCKZ7glysgP8gZN3z_YLh92fpqUKmUmMApqWPY9QdiMkSnQgCkPbmZxl1rgOtGkZhyRVWU3jT8VYBAOzhMaILMvimCZnsqLPGhzGllMUEzrE_VpHgccqI_ika7VqNyVM4e6ujRcaIWEb6vAySDwaZsn6exNT4ltNOm_JAqrUgsMOqaOOYm3F1QE5IJNPDMn7MsYtSvsGc9igCJA7X2ju81FcG93XDGKF4qLBxgPD-vjBNs9iVo.tTYog4Fe3Q0nvtg_Eo9awARz-6NmgoPVYvKV0G2YJY4&dib_tag=se&keywords=Frankie+Rose+Cosmetics&qid=1747908413&sr=8-1,Exact Match
B0D2TMQLN3,Half Magic Beauty,"2 Pack Mushroom Head Air Cushion CC Cream, Beauty Cream EXO TOO, Moisturizing, Long Lasting Matte Base Makeup with 2PCS Mushroom Head Sponges",https://www.amazon.com/sspa/click?ie=UTF8&spc=MTo4MDg0MTQ5MTQ3MzQzMzI5OjE3NDc5MDg0MTg6c3BfYXRmOjMwMDMxMTUzMDYyNTkwMjo6MDo6&url=%2FCushion-Mushroom-Foundation-Moisturizing-Lasting%2Fdp%2FB0D2TMQLN3%2Fref%3Dsr_1_1_sspa%3Fdib%3DeyJ2IjoiMSJ9.etHkLyWPdVU9rIgCxjVVZghx1dwN-zVXywhtsAF65Xw-RFn1axHTAJMpDVmSQwwjBb46Qj6cQN2MJjcnJwNuKm2n0FFKzCK1ydlKT9bhqPmcp6_pXuMgLBkv51SKNP6hm1k14Dp6Qjbv-dDugOR1p-Xy9fCYF9jfydwbXvmdzbnioJOJHIVrhDdFGGYxb-FOfQSxqHGkaimobi_92fm2qw5raDr83v9p8ps3PcEEkhTfb-3AkdAZy03C30-u3CpYzGqWnZGWsuwf0DDNyY0L8KQwkP03ZEea03kITuYsOuw.Lcykse1_6iXqMoXe38YkIsBK4_eYIuPEPZpNFBxEm1k%26dib_tag%3Dse%26keywords%3DHalf%2BMagic%2BBeauty%26qid%3D1747908418%26sr%3D8-1-spons%26sp_csd%3Dd2lkZ2V0TmFtZT1zcF9hdGY%26psc%3D1,Word 3
B0DHYFH6BW,Liber &,Liber & Co.,https://www.amazon.com/Liber-Co-Almond-California-Almonds/dp/B0DHYFH6BW/ref=sr_1_1?dib=eyJ2IjoiMSJ9.27iwz0o776nvPvPudyj4tT2ANt37p4TwWDO_KfWDXKTXvUMcjAGya4Q_ct7oTCcgFGZJkEZTIU5pmCnmNnoQR5LA33Dk4ltRCsfKBwJwSzIxB9hedulG7P1J_yFA_yHsQ14EvC_POIsN1YWJ4uvDEjCaX7jiQbMfxEuJ0ACTPIoBmfZHpSTrv3fVF_nuXbfBW-bNHpLuUnBk0QjIlr2H7AlZpD9A7cGxU-WjmADAbf4.EBJ5KiYfCuA0ZB-qUW5FGCAnDMpC302zm11E99Yu3-4&dib_tag=se&keywords=Liber+%26&qid=1747908424&sr=8-1,Word 1
B08HR8LVXR,WallyBags,WallyBags,https://www.amazon.com/sspa/click?ie=UTF8&spc=MToxMzc4MzY4Mzg0MzI0ODI1OjE3NDc5MDg0Mjg6c3BfYXRmOjMwMDc1MDMwNjIxOTYwMjo6MDo6&url=%2FWallyBags%25C2%25AE-Deluxe-Tri-Fold-Garment-pockets%2Fdp%2FB08HR8LVXR%2Fref%3Dsr_1_1_sspa%3Fdib%3DeyJ2IjoiMSJ9.5D9w1rzY0pU0sCi8QE0B_wK38iBzqGzg7Xr-M4Ea-xdmLsw2Xl9i5YhGDmD2TXThBTORTFX6wmJkUPn-ooxKzhdcWyVlShMLZJ2XAB3F4BVe4CK2VQjSYIzNidw2nT-5Jb7hMHPJe434HeUiFqcxxk_S_n-Ylje6sISFyOPXiLTEE3O4GgnKd1mAFVOpgAdsLeubaWvhpjvRDLsXxgkvtujstIXUowdpcD9uQUXcLXqq9CsR9hsMxrqUFyQwllfi6KkghB1uZiOXIfLlJqnigIOLpn6fwuRT6SXtl1grKtQ.baboUW1k70xgXSaU2gEcV_GWvodbh1nibLn3qQJaF48%26dib_tag%3Dse%26keywords%3DWallyBags%26qid%3D1747908428%26sr%3D8-1-spons%26sp_csd%3Dd2lkZ2V0TmFtZT1zcF9hdGY%26psc%3D1,Exact Match
B0DDSKBGZS,Maniology,Maniology,https://www.amazon.com/sspa/click?ie=UTF8&spc=MTo4ODQ1Mjc0MzM0NTg2MzM5OjE3NDc5MDg0MzM6c3BfYXRmOjMwMDc2MjEwMzUyNjYwMjo6MDo6&url=%2FManiology-Perfect-Waterbased-Stamping-Must-Haves%2Fdp%2FB0DDSKBGZS%2Fref%3Dsr_1_1_sspa%3Fdib%3DeyJ2IjoiMSJ9.0fbXQBZ9msTpgSZqnvEEeC18XNs8FWxu2VsCCJ4kNMkrHm5WJNYhJ4K8NSEziQYGaTSt1SnDXfIgdzEcsx8rv_nJkdW1v7Yx4r6E8FWvJgC4qK3E6bTePl2gRbpd5lgj_zn0Nlp2flaxkVBPpiw0B6eGFTyA1pQLWfBRaBYUaAGts4b9jW8XWOp0LV0TFLHID-yX65XEIcDJoL5O80wKDOx8tTgi_UD612ezKR3oHQSM1LeGvYy4YBDgnLLdh7fnc23Rx8H0r-5OAkBkL9Ovswo-f-djkYOlDpMk49JUD4c.VzdaLHWre3nKmJ7lVY899u20_YlZSpqKyv3AdWBcsqA%26dib_tag%3Dse%26keywords%3DManiology%26qid%3D1747908433%26sr%3D8-1-spons%26sp_csd%3Dd2lkZ2V0TmFtZT1zcF9hdGY%26psc%3D1,Exact Match
B0BLLJYM64,DoggieLawn,DoggieLawn,https://www.amazon.com/sspa/click?ie=UTF8&spc=MTo0NDM2MzA0ODU3OTYwMDIzOjE3NDc5MDg0Mzk6c3BfYXRmOjMwMDQyNTY5NDg0ODgwMjo6MDo6&url=%2FReusable-Training-Puppies-Washable-Non-Spill%2Fdp%2FB0BLLJYM64%2Fref%3Dsr_1_1_sspa%3Fdib%3DeyJ2IjoiMSJ9.Yn_voVHyT4Y759wDAQdAqfJfIbOZXAN23_8somG7ePenxc_qL96QSGSh37JJFyAv618qUeMQMrFqcLB4gx3yjtSIOCRlO9Tz9bZPU8ylW7yBOwgWK9dnfwWK942VTStBT1ehZxNWTZjBN5HEdVTAkeFYOJueWVA_fVzXgROWv18phOw-7D4Azjw_OdDFV4hyeNRGr7kHS6sCGKVWJyRkpeKICNiWnOJxxLb1yJ5_pLza8OavsYGgTtGg5LWaxKahzqavbZERujeHYKrl6OczrtCchrXwwDuvxN0uYWPc3-c.GzvJ6GMNv3_kr40HYnlra5KjMeV3rJJNKinW5pJj7iM%26dib_tag%3Dse%26keywords%3DDoggieLawn%26qid%3D1747908439%26sr%3D8-1-spons%26sp_csd%3Dd2lkZ2V0TmFtZT1zcF9hdGY%26psc%3D1,Exact Match
B0DSCHM5RX,Natural Stacks,NATURAL STACKS,https://www.amazon.com/sspa/click?ie=UTF8&spc=MToyNDM5NjY1MDAzNjc0NjE5OjE3NDc5MDg0NDQ6c3BfYXRmOjMwMDY1MTUwMTYyMzUwMjo6MDo6&url=%2FNATURAL-STACKS-NeuroLife-Acetylcholine-Bundle%2Fdp%2FB0DSCHM5RX%2Fref%3Dsr_1_1_sspa%3Fdib%3DeyJ2IjoiMSJ9.trSPzXDdQwsmwVHDcbTlj-PGfpfk_EXRfw3XoYsue8pTlOX3ga8Pir6bmN7yvJPcnlCHl3MRb0-UD0SMtu8cUnybNdZ-V2Ze9lCieHOrJztObTL9DYsCt6AA3eIwvdGinIbd8bEH5EO0zPlklOYDLtaI4FG-e-7if1OW_-MAzW1IoVz52FbNI5ISNUmpr9lsM8-VS63VVccLprQA11B5QsJc35ZFFHwP_cKQxtg1cW0AUq5UUNGgTS-WzTw3GZjJ3B9xKh68drwaT6aSf4LQClxfVNQKGOJ1nid1n4N7WXc.Q9jejM4Y8zIubeXx2AvM8cnrJBdDHjCk_1_bWYw6ge0%26dib_tag%3Dse%26keywords%3DNatural%2BStacks%26qid%3D1747908444%26sr%3D8-1-spons%26sp_csd%3Dd2lkZ2V0TmFtZT1zcF9hdGY%26psc%3D1,Exact Match
B0CR6VGQHN,SONNEMAN - A Way of Light,"Sonneman Modern Lighting 3773.25 Fino LED Linear Vanity, Bathroom Light Bar Wall Lighting Fixture for Bathroom or Bedroom - 3000K - 32"" - Satin Black",https://www.amazon.com/Sonneman-Lighting-Fino-Vanity-Bar/dp/B0CR6VGQHN/ref=sr_1_1?dib=eyJ2IjoiMSJ9.5yUfxFDh9TBXRIhT65D_cKW2u44ZSjJ-06L4w0Xl7R6b0KCLbWyr5geyzU5zF85G-b9GjnHowdH9QrCB2-tlEkQqdsYMDS5awY9464Dp_Gof1EJ_0mx2f9-0W4LGiD9SfEE3RlCKNnuyIYytXQmKo13eQBzKZGCzJntjsFX4c4ctMhTcun5HTVUfAVH8v542Ky5gQoALaMh2wVG9MbsXMukIc9IWSdFUOzB86f7qVkkObzG6pruqkHAvBKV-foMHK6qUblPMEdCmfSpHnITM69LqD3gWMIoPH7ld6SAyQp8.vY91Oyd9sQXKxfB-7aFy8yiWQIWo1PAGeXfjV16xgxA&dib_tag=se&keywords=SONNEMAN+-+A+Way+of+Light&qid=1747908449&sr=8-1,Word 1
321860470,Cornerstone Graduate Supply,Cornerstones for College Success,https://www.amazon.com/Cornerstones-College-Success-Robert-Sherfield/dp/0321860470/ref=sr_1_1?dib=eyJ2IjoiMSJ9.VEHQNf9J1EfRtQ8gOg6xmApU9wC51BgcCHT7MmJ1Z-o.OI6QqQpePdSzu6LZWMQEIGq9ayP7taWguIH6zMYjovM&dib_tag=se&keywords=Cornerstone+Graduate+Supply&qid=1747908454&sr=8-1,Word 1
B0DT2BBMCW,MATTER OF FACT,"MATTER OF FACT Minimalist Hydrating Moisturizer, Pro-Vitamin B5 & Liquid Crystal Lipids for Deep Hydration, 50ml",https://www.amazon.com/MATTER-FACT-Minimalist-Moisturizer-Pro-Vitamin/dp/B0DT2BBMCW/ref=sr_1_1?dib=eyJ2IjoiMSJ9.xrj3w2hV7gRGt9nYrcZGBivXhiWL2r8cx6Nb2bh09AmBPbbGT5P0eTkkbLcDmB6GHHg8bl402Gfir47dJzRUrBzpYrXhsHTI115SoiTpRAX7rOaNBll8BTFC8ufEQljPc7SpsDMbC_wmDfncEtvBSunaqndonJjgbE2DFqjYF80Ckq5WsY81-j0a9RxUUH8tAXzNEHRauvIh8wLkeYKueyA0TBRtx7HX0IX7I-luJCIuQ8eUg_swj-IzxGfEKzeu-tIh22jR6KxC8IY-VjIGUSWinaLEPHO5udemG23K-ow.ygO-k1aOX3uQ4tLtB8ki0a-U8PNXS_F4AM3ui6MMYUg&dib_tag=se&keywords=MATTER+OF+FACT&qid=1747908459&sr=8-1,Word 1
B0D1WKCN9X,Adoorn,"Adoorn In-Ground Mailbox Mounting Post for Easy Install, 43"" x 4"" x 4"", Heavy Duty Mailbox Post",https://www.amazon.com/Adoorn-Ground-Mounting-Install-Mailbox/dp/B0D1WKCN9X/ref=sr_1_6?dib=eyJ2IjoiMSJ9.cs6cXPD66t-FswSMlgXrqwWy_aIDI3n6u6Nc9ur-bVm_H8nnYuDWR9NWZTCdgDXCW7DFK3gLhif8wsdVonswwuTWt66208TN7faTG_99RW3gX1VBpAeUOrn1kMAjavqexTZxxQ7I2LbAF5AI_YgWBnu2ppHpgJ1KhsTa1ECavGHrg4RCvlTb9pLqjPNldVDaXW6O-hd_v373UYqnhO-UgO1BPB0ljmD9ZT4xOOuJogNwP45Hh6F9Qc1l8JcE-y8uvqSPRgQtPoyiPn4qCdkOsw.aTKlp3TJcBYmgzKGjifORSGq1tZztRKfw-xh7MrbAOk&dib_tag=se&keywords=Adoorn&qid=1747908464&sr=8-6,Word 1
B005DR5KGE,Multipet International,Multipet,https://www.amazon.com/Multipet-INTERNATIONAL-843140-Lambchop-Squeak/dp/B005DR5KGE/ref=sr_1_1?dib=eyJ2IjoiMSJ9._cjdYsLHvCc3i85xR2Q3HsKWi7wVUe9z3zA3t0rkddocXlh1fNR7lCZ165F8vxmC5lUmOb1YZGTpGBjfpQ8I63Tg6q3VZdgIR6FmtjhnRnbQ3qj09_q7GTDv9Jk40GT2DYJ6Ghik-QTdWn1C0LkNh-VvA5HZ6XxfsVACvNrqkidxmyHpLDRkXYq0-gVTCegbIrnSnnkaOGOPtNshlwIaGzeoYgjmfMa-zDUBJQQrOvYruzj_4UKmi_cuRYNK7HI_qmUBaf1b7YRpX5wwzScv-rJ0H69MCfIZlBsKcZZokDg.B2d41BlzjBPuoEcRTv_2h1E06e0mN157HrcMqiqd39U&dib_tag=se&keywords=Multipet+International&qid=1747908468&sr=8-1,Word 1
B000X8H61U,Suki Skincare,Suki,https://www.amazon.com/sspa/click?ie=UTF8&spc=MTo0MTkzMzA3Njk2NDM1MjYwOjE3NDc5MDg0NzQ6c3BfYXRmOjMwMDY5NjMyMDAyNzAwMjo6MDo6&url=%2FSuki-Balancing-Day-Lotion-30mL%2Fdp%2FB000X8H61U%2Fref%3Dsr_1_1_sspa%3Fdib%3DeyJ2IjoiMSJ9.lVMBzt7CnSJ2ShHuNAHg9G3M8x5Yi7KYm-K0jtSsFEmOtVDUQcZ0Lypdc_tOJmL3xFHb2aIqgx9BE-6TkS0b6Awz-Pjlho-Uo3KneM52qvYOLQnKmVJAdW7LdfiFmy0VDgDpM9NFTAqTTWM3iHbNs1GLTQHszuHxAJLDuGd8-57jB7YSnjFYZGKmJG4jLx7gouBeH_l1m4vKzdH8ZXjGzZKqqvqWuEPHvbLsDAWrwn-OkQz5kQ_vUFrxAk0a_KQnU6vQvxyIpZMg2Br572TV7BDc4fUHWd1YO7qFO8JB_So.6Zglp4MbZA1IWVv8PoqJypwZgvpqiv8burxUCq4lEng%26dib_tag%3Dse%26keywords%3DSuki%2BSkincare%26qid%3D1747908473%26sr%3D8-1-spons%26sp_csd%3Dd2lkZ2V0TmFtZT1zcF9hdGY%26psc%3D1,Word 1
B01CUDKZ4A,Mini and Me,WOODSTOCK MINI MES,https://www.amazon.com/Woodstock-Rice-Bites-Organic-Strawberry/dp/B01CUDKZ4A/ref=sr_1_2?dib=eyJ2IjoiMSJ9.c_fI4AcsbCc7HrNHnES8bWI29Uv1yq6WpjEwsC_PomHndh4rDByL8SU8nI7I6DtTmXoSslEW-J54XTscaQIChX9Frz9AJhltxPNUoRd3SmCg95VTWhvyrbqfL8njwJXfy1nMqNpyxqU9HsksD7GtfsNra7Y2Vx1IksoRInG6kLlFXbGUG-KuK2FepdLh0uzXaLWwxceouUtYH5RPht19w01SWRw8F_uPzOmAwK8q2LgZQ7n2wQzM6W8tbuIAne8LBqp6nCwIMPvWF54s85GD792EFttTLN4cjTDL0e1DGzo.xPXzmxf0QB0q5W-R29V8DSNw2gE5OqsFnq4cBU3b9b4&dib_tag=se&keywords=Mini+and+Me&qid=1747908478&sr=8-2,Word 1
B0199C9XSY,Salt & Honey Catering,"Lawry's Seasoned Salt, 4 oz (Pack of 6)",https://www.amazon.com/Lawrys-Seasoned-Salt-Pack/dp/B0199C9XSY/ref=sr_1_1?dib=eyJ2IjoiMSJ9._LyzFJCtyaQjihiWak8ksxk9SN8sr9zQg3Q2GJkUfHtjocvyVcM8df1LlRSglduFEOtrQhsyURDXVZbglkCvjUEMgWJif6XVb7R99ZJ7eCryL_oqvoNNy0PRtzrT3mIJ-xSNJ1YhCJGrslKHwg8Wl6ZQuEN3LNkHFrmvWmdldOQ.XQTCvEbz5V0RMGy5wVdNH56SFDulyaG0vcYj7G4lu5U&dib_tag=se&keywords=Salt+%26+Honey+Catering&qid=1747908483&sr=8-1,Word 1
B0DYF534LN,JUNG KWAN JANG,"JUNG KWAN JANG Everytime Korean Red Ginseng Extract 1,050mg & Lemon - Vegan Ginseng Root Energy Drink Liquid Stick Supplements - Builds Stamina & Immunity, No Caffeine Non-GMO (30 Sticks, 0.34 fl oz)",https://www.amazon.com/sspa/click?ie=UTF8&spc=MTozMjg2NjExNjUxMDg3MTAxOjE3NDc5MDg0ODg6c3BfYXRmOjMwMDc3MTcxMjc3MzIwMjo6MDo6&url=%2FJUNG-KWAN-JANG-Everytime-Ginseng%2Fdp%2FB0DYF534LN%2Fref%3Dsr_1_1_sspa%3Fdib%3DeyJ2IjoiMSJ9.6kuZTediCC_IIqCtqqx2Lj7O8PmBnYQ51BxtLSal7r-GiUxfSnmcH9OJyWP4LVz7A_zF477MRtIFrxxlqQXeVMsx5BrViSY3dhXvH3l2fo0MmuZhw8GQqvmsqvgGtSNEood6udwe1q4OU_Lz5hjHnsjibTNrh6TfzY3rbAJt1G2_JwpHMuz7hRyPSA27qo8XMmjVvYkUsNZ1BmtMhb6cDI0m2wp91WX-OEEK6eS3VrFhiKFolcf2vyibofOgG0vsaLUpZhY_BK9I6tVN-Soc9iq8WOmNteR18rf3uPWTj1U.WDHdFZXf6z7ktDIxTFeTIoddxcDyuFSMClPoIIJmgIM%26dib_tag%3Dse%26keywords%3DJUNG%2BKWAN%2BJANG%26qid%3D1747908488%26sr%3D8-1-spons%26sp_csd%3Dd2lkZ2V0TmFtZT1zcF9hdGY%26psc%3D1,Word 1
B0BBRVHBXL,Fearrington Village - Relais & Chateaux,"Gear Box Upgrades Part for 1/8 Sledge 4WD,Aluminum Front Rear Universal Gear Box Housing, RC Gearbox Hops up for Sledge Monster Truck RC Car #95076-4,Replace #9529, Navy Blue（1 Set",https://www.amazon.com/sspa/click?ie=UTF8&spc=MToxMzk5NjQ0MDAyMzcxMjgxOjE3NDc5MDg0OTI6c3BfYnRmOjMwMDMyMjExMzgyMTQwMjo6MDo6&url=%2FRcarmumb-Upgrades-Traxxas-Aluminum-Universal%2Fdp%2FB0BBRVHBXL%2Fref%3Dsr_1_3_sspa%3Fkeywords%3Dbearington%2Bvillage%2B-%2Brelais%2B%2526%2Bchateaux%26qid%3D1747908492%26sr%3D8-3-spons%26sp_csd%3Dd2lkZ2V0TmFtZT1zcF9idGY%26psc%3D1,Word 3
B002PJVZ26,Dick's Drive-In Restaurants,Dick's: 50 Years of Memories,https://www.amazon.com/Dicks-50-Years-of-Memories/dp/B002PJVZ26/ref=sr_1_1?dib=eyJ2IjoiMSJ9.Brc3Tls8gtCYBbpa6GFofklnUny2iiBjZNgV_AEM2VaLY6KMS_04zgDrWjqu-Ns_djaKk1x4kPuSyBSKfIao30iPUOplxfxJ6KGwASatue0CRpJ81sX3fDlja5bKjlAVKuFDcq-fYuglz5qL4R16plKZrmUKBX1m14jCTHucZ1Hzkxwrtj1osWzlqciKVz1M5wpJ-jsAg72GychdlVcKEAs4pnV8SjL2S9QRX0XV5fw.11o8xzPNxfzSoaIFrQBwGEuqx4CMkWrn26Y9h6KjDvc&dib_tag=se&keywords=Dick%27s+Drive-In+Restaurants&qid=1747908497&sr=8-1,Word 1
B0D1RH998Z,MIXT,MIXT Energy,https://www.amazon.com/MIXT-Energy-Supplement-Concentration-Endurance/dp/B0D1RH998Z/ref=sr_1_1?dib=eyJ2IjoiMSJ9.rZdaa5A_MV-N09MJCnVd3s3THdvI3-lW5gEsUpUNjtX8NnwzpIx5SPOuI7miOZpx0VFWrvVekXgj5yjO1d-PdnROPpsunHuB-9MLOG_LgUWIZvsZo1rIp-F13uenpOG39Ck-W6WmjLrV6L7CrDUgaTihzr2Ez_GdmhiJjfGevmW3kb47qH9Iq6gdtOKuamtFN6PhsbXX6nMoEi18bzJtuOSy0WC3asdWk9PTU3JrFe46mcjPqkh5Qx73LCTRqtpsceb0J849rJLoGa55Etwxx99-uQdqwh6boKbCKgKRcGE.zEX1xW0fByKUIRD0wFrLYL_qPbqgmqHB_PvAYrOlvlE&dib_tag=se&keywords=MIXT&qid=1747908501&sr=8-1,Word 1
B084KJX84S,Alliance Beverage,"Promise Beverages Slightly Sweet Island Mango Cold Brew Tea On Tap (1 Gallon / 128 fluid ounces) Rainforest Alliance Certified Bag In Box Liquid, Ready To Drink Sweetened with Stevia",https://www.amazon.com/Promise-Tea-Cold-Brew-Island/dp/B084KJX84S/ref=sr_1_3?dib=eyJ2IjoiMSJ9.eefXZbK4LAFeZVSzpg9m6XqsGSRuENUqVqBCd8oNCVqysWQ9FwpK6hbYQSjsScHjJgbWPwjB71-ktDRFBNOspG3S0Gm9XLu99EqDUAgb92KMZRmjZS_t-QdrEDTHE_LiYWKmxwHXKjfeUb4iTJtIw1Nku1oJxhJoNPZ6gi8Qq7kEBNvTtOTx9ZeqDHD0PO1ZTlG1QdtbEl6b2XkErCvU4CwdSw_4OAC5xzjSDjnNbVZFIStIBPzVK-DmEPNV2AunqbimTADR5BWzx4Fe8Z7rhN0uPBlIDVMVuj5_VQ7eTZc.GTpyYD1Q3mt4rwBSMxo5Hd712R3-1J_971OAUoDxNqU&dib_tag=se&keywords=Alliance+Beverage&qid=1747908506&sr=8-3,Word 1
B0B24G922X,Bloomin' Blinds,"LazBlinds Cordless Cellular Shades, Light Filtering Honeycomb Shades for Home, Thermal Insulation Noise Reduction Blinds for Windows, 21'' W x 64'' H, Taupe",https://www.amazon.com/sspa/click?ie=UTF8&spc=MTozMDgyMjQ5NjI3NDE1Njg5OjE3NDc5MDg1MTE6c3BfYXRmOjIwMDExNzU1MjcwNTc5ODo6MDo6&url=%2FLazBlinds-Cordless-Cellular-Filtering-Honeycomb%2Fdp%2FB0B24G922X%2Fref%3Dsr_1_1_sspa%3Fdib%3DeyJ2IjoiMSJ9.oyIgY7wXUXYL18gJMrFDiJpJlUvpjcbh19YGFK_aKtraMuZHkqMWHBHjLG06czTMmyKbL9vBzqEkqGuAuPioy7SGKL-ZxUerEoP3gGhVxeKBExIOFcEq49lBQaoKbDdvACu6xRfVxCqzMnXtsHApXXolBRdmwc4cXA8wluK4L2N3WeyDwivA6m6S7D6fl8gd1JuM4AU9xBh2c6N8WpQgybE_xCQrau9dmdh_0eUzGTWID6biYeKurnCDUfFLTDAnAcHj4O-dSsPIQ8aPCAKM6GKN6RSAlC_xILskZmiNRhM.RkKNdWWF6VAcFRaDX1UGR1XHTtEOTsT4VThU_NFRFH4%26dib_tag%3Dse%26keywords%3Dblooming%2527%2Bblinds%26qid%3D1747908511%26sr%3D8-1-spons%26sp_csd%3Dd2lkZ2V0TmFtZT1zcF9hdGY%26psc%3D1,Word 2
B0B75S4C2T,Best Day Brewing,"Best Day Brewing Non-Alcoholic Craft Beer - Premium Ingredients for Full Flavor - Low Carb & Low Calorie (12 fl oz Cans) (12-Pack, Hazy IPA)",https://www.amazon.com/sspa/click?ie=UTF8&spc=MTo0MjY0MzU2MjkzMjE3NTM3OjE3NDc5MDg1MTc6c3BfYXRmOjMwMDY2MTE1Nzg4MzAwMjo6MDo6&url=%2FBest-Brewing-Genuine-Non-Alcoholic-Craft%2Fdp%2FB0B75S4C2T%2Fref%3Dsr_1_1_sspa%3Fdib%3DeyJ2IjoiMSJ9.IJtw8vOr9j5xXCBaB9HLzHmYQ5Sx5Cmt-chccfErPHnat6ErZvTlRCaNnG_TUy3MgWjRkCRMwfJmWGoXKAutUvIP9paeuHrtYdTn9LLvNbqXf1GfzlSdKgIOc2hm_fpURfGJsfthb7Z1O0DAz7GgR7PQ62zoHP1VxjTaUI7RMiEKJ83U6E9wXHoUIsj759F2gjbd6PuRigIizL8_HGOJXS9ufTxjXTgGPSZD4ChoT13Mn-1pB8BN-JdAU-oDaIVu-ZQO1FpQpM1RaHEj_SefXXgW4DdKeawa4hdOBMmI_8s.AAAxRqf5g-aB0-yn8tSKgAnlRUIoVt4tsIJVgeLt9Uo%26dib_tag%3Dse%26keywords%3DBest%2BDay%2BBrewing%26qid%3D1747908517%26sr%3D8-1-spons%26sp_csd%3Dd2lkZ2V0TmFtZT1zcF9hdGY%26psc%3D1,Word 1
B0CYSWGNMJ,Bonkers Toys,"Action Figures, 6 PCS Toy Figures, 5.5 Inches Collectible Toys Set with Ball Joint Connection Light, Cake Toppers for Video Games Fans Boys, Girls, Kids Adults as Gifts",https://www.amazon.com/sspa/click?ie=UTF8&spc=MTo1NjA4Njc0NjkyMDA5MjI6MTc0NzkwODUyMjpzcF9zZWFyY2hfdGhlbWF0aWM6MzAwMTcwMTY4MjkzNjAyOjoyOjo&url=%2FeconoLED-Figures-Collectible-Connection-Toppers%2Fdp%2FB0CYSWGNMJ%2Fref%3Dsxin_25_pa_sp_search_thematic_sspa%3Fcontent-id%3Damzn1.sym.87b1f643-33a9-49d2-948f-44f2ccfe0508%253Aamzn1.sym.87b1f643-33a9-49d2-948f-44f2ccfe0508%26cv_ct_cx%3DBonkers%2BToys%26keywords%3DBonkers%2BToys%26pd_rd_i%3DB0CYSWGNMJ%26pd_rd_r%3Dec546764-56a5-4ecd-b173-16c5b7963f08%26pd_rd_w%3DwTwHC%26pd_rd_wg%3DTIQdd%26pf_rd_p%3D87b1f643-33a9-49d2-948f-44f2ccfe0508%26pf_rd_r%3DF50T0QW0HFZ7533YCE99%26qid%3D1747908521%26sbo%3DRZvfv%252F%252FHxDF%252BO5021pAnSA%253D%253D%26sr%3D1-3-6024b2a3-78e4-4fed-8fed-e1613be3bcce-spons%26sp_csd%3Dd2lkZ2V0TmFtZT1zcF9zZWFyY2hfdGhlbWF0aWM%26psc%3D1,Word 2
B000I5OR8S,SEATTLE CIDER COMPANY,Mountain Cider Apple Cider Concentrate | Spiced Hot Apple Cider Drink | 64 fl. oz (64 servings),https://www.amazon.com/Mountain-Cider-Company-Spiced-Concentrate/dp/B000I5OR8S/ref=sr_1_1?dib=eyJ2IjoiMSJ9.BZqMk5RL9ptP5-wQCUbIDjUpdJIUpB5ijZI0qjZagVjmvCJBR4zVNIdJXm_q-A0MF7arJqLRr03Riqbrtc-p4yTxn9xvaEECJMlpc6wwziiPziW2Bz8G-DYxUA73K1hK5Kfv8Vdj_oLGB1l3T7QRgBSY161VlMtynW2vxLUVJsLqdLEOYPRXOv3lgaYNn9x1MzlyOhrM6i_0YJyAuSL--S4H0oJGxO71bEYU_v7rCkKVsvXzEIpjUYxa4F17P6ixpJHOee3f5kVGkRzqyAukxxtHyhLERd0KF48a6fmVXPc.tsugZR07ECT-Ae4Q9FkZnVwFmjdaX4GBDEmvPJIBcWI&dib_tag=se&keywords=SEATTLE+CIDER+COMPANY&qid=1747908527&sr=8-1,Word 2
593835956,Easy Entertaining,The Wishbone Kitchen Cookbook: Seasonal Recipes for Everyday Luxury and Elevated Entertaining,https://www.amazon.com/Wishbone-Kitchen-Cookbook-Seasonal-Entertaining/dp/0593835956/ref=sr_1_1?dib=eyJ2IjoiMSJ9.aL-rNEATl2z7fQ_ch-caV1gWEOuLLdBaHeQQ6XjgfrWqQ_tViAxDEFs0IUU9spB3RXs7ZRR3XGSquw8GC7EYhwLf7yfo2iKfAf4cJn8UNTYySZqhkeKG384s9idelhujPOo-NbW00j-UQGV1cjCloIWkD7gMGN8j5hMw4TLRSHHh733eeQXVwpSZwCu7JmZ6esW0B_92eAnZ0DU_LC1w5Ot_EmEddrA-pewcFhWvPfU.RrKTqTvRqEYM4RWQt4jwc5PWSl3HXhVxlmkyB2HetDA&dib_tag=se&keywords=Easy+Entertaining&qid=1747908532&sr=8-1,Word 2
B016N2SDVG,iS CLINICAL,iS CLINICAL,https://www.amazon.com/sspa/click?ie=UTF8&spc=MToyMzAwNjc0MjQyMTI5NDAzOjE3NDc5MDg1Mzc6c3BfYXRmOjIwMDEzOTE2NjI2NTg5ODo6MDo6&url=%2FCLINICAL-Youth-Intensive-Cr%25C3%25A8me-1-7%2Fdp%2FB016N2SDVG%2Fref%3Dsr_1_1_sspa%3Fdib%3DeyJ2IjoiMSJ9.hHAkkqZlg9hxvTfcxc5ig5tZql9FPEr4Nle-02Y5DdfKZ3nIG-YQVpuXxXIveN7rOoyra-EQcGsLDepdqhc18wsyakbULeHKdFh12OGAOXvIbSPBkGzyvhW3fwWpH9ewYKVZoRCPBRHXOaxYpboLse43iEqApspllXBa0fMpl-hICH2kszZHef5swflPiBgv0K_vKBKk_50C-nTLIHwR2MDWPrRa2A5zMxUv1eU_TaNnb9VFU39iC02nmASHlYPCtVZy3OQbiQ_67Dd6fQo5PDy0CwYfuoGsWsjj1_5YIP8.dNzMLwAsIEECpG2EoIN2IxBSmg-aWYtv2Q5JVPUQSaU%26dib_tag%3Dse%26keywords%3DiS%2BCLINICAL%26qid%3D1747908537%26sr%3D8-1-spons%26sp_csd%3Dd2lkZ2V0TmFtZT1zcF9hdGY%26psc%3D1,Exact Match
B001ANXQQ6,Wolfgang Puck,Wolfgang Puck,https://www.amazon.com/Wolfgang-Puck-Electric-Reversible-Griddle/dp/B001ANXQQ6/ref=sr_1_2?dib=eyJ2IjoiMSJ9.GV9V29qEda-pwgZYGIB0r1lvwyzhXxpHVk2FULFR49hi0BCH54yPeThGXqjQIXuoIU1Bj-X-wXh7u8d4H0iGHLa1d68puq6urk-GhvIdRkBjVOyxQp6C-7Sy4ZCmF-PUC8W_OI4nf7Dz06LoEFTY4V40l3CwioudOQrVzTvm8j-Dl1BhIUHDzko23N0Ey5TjM9FOjaR0G5L0XXARUn1Cq0wnY_YwxKuTTqtk1PKrC3g010IJUuhSJs95HUeE2RMs7WJEE1RW6OW5NKVV78f-3VCsS77uZCGOmur7xSFGKjs.Abd3iDZzAOGdoT5i8VrOeYS9A3k8kx0Wq93huBTov0Q&dib_tag=se&keywords=Wolfgang+Puck&qid=1747908543&sr=8-2,Exact Match
B0DFK6VY7T,kencko,kencko,https://www.amazon.com/kencko-Smoothie-Mix-Variety-Pack/dp/B0DFK6VY7T/ref=sr_1_1?dib=eyJ2IjoiMSJ9.W6rViY9mxudfSMnYD8vpEBPSvf2XyLk0IIQNEmm7NyS5E6oZcrw27lnka2fk7lWsjGIr7GTSr4zVXHM9UCKYrxtLxZg5pLEyh2vpq2_wkZHh_R8Xf9i6Gaf_m1tpBfk3CD-MYakeIeS-XqJ99qeXt769S9UscYBy45A1XnO2UDFH0CJ9LccuZJdoRI3ocUm1.vwVXetXP4pSSK3p8u_z3r0BsbD2esNFljVPFyPK2ix8&dib_tag=se&keywords=kencko&qid=1747908548&sr=8-1,Exact Match
B00DK3XUYW,Detroit City Distillery,Detroit Rock City,https://www.amazon.com/Detroit-Rock-City-Bob-Ezrin-ebook/dp/B00DK3XUYW/ref=sr_1_6?dib=eyJ2IjoiMSJ9.m9rvQKhcd2jpuDZUHy3vAb9luHO8lVZy0feBlnDVwytCOut-aSGVpcrgQ7GhOHSzrnWaQh4bpkJ7RUIi6z8xylUJuBb6hBSnUNj5jFAyI3c.fODu_IkQbt_Ox79ohYPI5vKb2UA8m_NRXSH0zMz6BPQ&dib_tag=se&keywords=Detroit+City+Distillery&qid=1747908552&sr=8-6,Word 1
B0DHW4G4H5,Protein2o,Protein2o,https://www.amazon.com/sspa/click?ie=UTF8&spc=MTo4ODMyMjE3MTYwNTI2NzYxOjE3NDc5MDg1NTc6c3BfYXRmOjMwMDY3OTQ5Mjg0NjgwMjo6MDo6&url=%2FProtein2o-Electrolytes-Vitamins-Strawberry-Watermelon%2Fdp%2FB0DHW4G4H5%2Fref%3Dsr_1_1_sspa%3Fdib%3DeyJ2IjoiMSJ9.4qlRltA1hxu53biPEL0jpQx1JW6XmMHBBocpv4uerWF7eLqJTmTxFI5o8yA7RZHPFg4y7NyHBgcIeZ625P7W9B47xsjCHxHhd5j3j6JOdGo5cgrGuVirrvDiFbyDRW4y-UwT8wF-s99qcc-zDYbSqY0eC5OvobogC-VTeWtVIX-eJkTvvJUmqwg3Suf3nf6fZd1Em5U8htSztTPSQ29_7xx-sHqKID-oPJ5ZRpxJKaJxpaYpXPbUpSc7zybQ8U5Ow0h5jGOBXd4VRgdnHWvry2wTcXjje9iz_znA6rx4CU8.KDP3_R-joOXTZRKpx1mdOC_qqJGgsY1cGLeY3dVWu28%26dib_tag%3Dse%26keywords%3DProtein2o%26qid%3D1747908557%26sr%3D8-1-spons%26sp_csd%3Dd2lkZ2V0TmFtZT1zcF9hdGY%26psc%3D1,Exact Match
no valid product,MegaMex Foods,no valid product,no valid product,no match
B09RCBH682,Amoretti,Amoretti,https://www.amazon.com/sspa/click?ie=UTF8&spc=MTo4NDE2ODMzNzMzMjc0NDgyOjE3NDc5MDg4ODQ6c3BfYXRmOjIwMDEwNzAxOTM2OTc5ODo6MDo6&url=%2FAmoretti-Watermelon-Beverage-Infusion%2Fdp%2FB09RCBH682%2Fref%3Dsr_1_1_sspa%3Fdib%3DeyJ2IjoiMSJ9.eomMhzJnm9DdhMsMeOhXXE8RlpLNFJ_IGLFyiJvj1-txhOfQburFD8lN9gSjiPZtp1HURrBV00O4CPDQNj_VhiFcVKWvS-1amVXTh-ik2hVAFYFKe-Q-JwFIytruqk7THwGa-C2i-2Dc5fhXMyCLDg0tBR9uNioAE5aVHAYoG0Rrvcj1Oc8ujxIZY_IB5i1ri8Na9dD8APlJDbmDBwm4EyEVmC3doV45AtAQEel4kTlhPaSoGsctBanqahGrt-20IZgcPiEhhIiJli6rUCWRKmiU-UxFe1qkvCtkoRegZh0.kW_0f-ZneA_paPMmyPApLg82nVIl77bZFCf83cbJ2No%26dib_tag%3Dse%26keywords%3DAmoretti%26qid%3D1747908884%26sr%3D8-1-spons%26sp_csd%3Dd2lkZ2V0TmFtZT1zcF9hdGY%26psc%3D1,Exact Match
B0F1HQF4HR,Stover &,"ONLINE EXCLUSIVE - RUSSELL STOVER Chocolate Candy 100 Piece Bulk Box - Roman Nougat, Orange Creme, Maple Nut Creme, Vanilla Creme, Molasses Chew",https://www.amazon.com/sspa/click?ie=UTF8&spc=MTo2MjkzNDY4MzQ3NTUyOTMzOjE3NDc5MDg4OTA6c3BfYXRmOjMwMDcwNTc3MDQ4NTYwMjo6MDo6&url=%2FONLINE-EXCLUSIVE-RUSSELL-Chocolate-Molasses%2Fdp%2FB0F1HQF4HR%2Fref%3Dsr_1_1_sspa%3Fdib%3DeyJ2IjoiMSJ9.cJyh_hnvRhBfs2R6dKDENGoIZ1q36T1PQ7fcECdmmR8JI_Gs4f6Y-qYHdhWyBXlzQfhSa4QnpSeMReokJHeRP5ucQapAR711kJCAX0_Jyz0hj7F1E_2YqJZ6Z7N0yEV0bc-4GgBND-EGLnaFlp3Xl2Dr8aKDBTP2cRgfaQffubRw3pIt9kMiJZa2ELF3L4Wdie1uejuRrQqvOdj1kJrqvSNpKuo7C7PbgHgGs8LZaGrp8VYQsRb545hwMIRhhrXRiCzH5sc2hZW-Q-79irnUBTObgRfwLjJI_zQ5TvKc8rg.b29ZMOw2kspgK83zttkij8Rq4xiDMl-HWFxTSWrx29A%26dib_tag%3Dse%26keywords%3DStover%2B%2526%26qid%3D1747908889%26sr%3D8-1-spons%26sp_csd%3Dd2lkZ2V0TmFtZT1zcF9hdGY%26psc%3D1,Word 1
B0BCXRF2TY,Two Roads Brewing,Two Roads,https://www.amazon.com/TWO-ROADS-BREWING-Juicy-Alcoholic/dp/B0BCXRF2TY/ref=sr_1_1_f3_0o_wf?dib=eyJ2IjoiMSJ9.P1fON2QhaBb01pLmWjH-RE6k9HdUE-3ae9mIzzxiI1DE9LpCKDRcxeAtHiy1qKb-WaKDE-eKtphYO3_hM-eq73cIVOQCTyz2fUEI_ZK20laTrG4WrsxfppSM9wtNMKBCwkJ7BYCz7DO1S_QOlfEJxIdanAuF1-qNwHy2S-YoYd6iXb8m2n2-C-aJYiyjedOcbmc3CZcBo7FSao7cbz3EKjvVoEjXKrHcpIbMeklCMuU.nmO_pnuDoB2fAIrClNV3RdE2quUcf5iNjAJ0oI37Iik&dib_tag=se&keywords=Two+Roads+Brewing&qid=1747908895&sr=8-1,Word 1
B000JI7VZA,Kingsmill Resort,The Flavors of Kingsmill,https://www.amazon.com/Flavors-Kingsmill-Resort/dp/B000JI7VZA/ref=sr_1_1?dib=eyJ2IjoiMSJ9.fcdxHLa-JrRVFKrvYIVFDJ-eQnh_IBIz-w5dCnhLlMw.bjvr31ixqsVomhEY_l65j5uaPU_nX0VRwDY1OJR2d8w&dib_tag=se&keywords=Kingsmill+Resort&qid=1747908899&sr=8-1,Word 1
no valid product,inKind,no valid product,no valid product,no match
B08TT9Y19L,FANCY SPRINKLES,Fancy Sprinkles,https://www.amazon.com/sspa/click?ie=UTF8&spc=MTo3ODU2MjY3MzQ5OTUxMzI0OjE3NDc5MDkyMzA6c3BfYXRmOjMwMDYxMDk2NDQwNzUwMjo6MDo6&url=%2FFancy-Sprinkles-Filthy-Rich-Sugar%2Fdp%2FB08TT9Y19L%2Fref%3Dsr_1_1_sspa%3Fdib%3DeyJ2IjoiMSJ9.qZHZGkez6qOj1koZfBDTy5cUdZxM-iPD3ENaHKs2LhklXwsTCkrI1AKJjgVLM0v7-3_hWJsst9PyZYjBi_AE8fXoZi-XV45TMe8_XT21ji1-tM2mtPJ52WVXGO720PzWRVlIu6nFdM8NPREw8TOPB0u4o0kcLs_UGFEYZfG6-dVWVAa6H2N4Q2Vfon-J24u4Moi36Hnrdixo-IXCIViYwCVkYGAZ0hOJ1poctyyhzW2RmtVse8HFe4TwnWg9mWG8yAsx8iG5wf6ZelU5Al49QoxdDSkcH9HQ_UVVVvhI7D4.hS5bV-KJ6irxjqDBUWa2JqW_5xjAfb91TX0Woxd3pzo%26dib_tag%3Dse%26keywords%3DFANCY%2BSPRINKLES%26qid%3D1747909230%26sr%3D8-1-spons%26sp_csd%3Dd2lkZ2V0TmFtZT1zcF9hdGY%26psc%3D1,Exact Match
B08NDX5JGH,Boxed Water Is Better,BOXED WATER IS BETTER,https://www.amazon.com/Boxed-Water-Better-Purified-Liter/dp/B08NDX5JGH/ref=sr_1_10?dib=eyJ2IjoiMSJ9.UiZu-Q98VLMWehwggCPVuuJmj17Z1BjRLl_yDP9-PsWC7dmXrN8Ns3l_CXFgp4EccFkyOwyphIRGVe4dldD9pKhqePH0Impaq7M12ON7z3jb1TWKQ3YYfrC9pWsJMaKlWYHjUJs0Rd2736iENMaZPHqt4B_96w7hNnLizw19WqRs6Xc1t7Npr8I95uGOn705opRQKSUv4DcSy7sE3ArXmoj1cU6DsVyCzuoBi6_Nzlb2r2js3_5E0GNDt0Gyy9JhSDhr2zgVtvaQz3H8JLlwdbXnfjWis_XYsT1AcGxTOaY.8ZDxBDeYl-2hTcA0ipuU__HO18pCwjqGOsu_jJZuY0w&dib_tag=se&keywords=Boxed+Water+Is+Better&qid=1747909234&sr=8-10,Exact Match
no valid product,Weyerbacher Brewing Company,no valid product,no valid product,no match
B07G815Q3Q,Art of Tea,Art of Tea,https://www.amazon.com/sspa/click?ie=UTF8&spc=MToxNTIwNzM0MjM5NjY2MDIzOjE3NDc5MDk1NTM6c3BfYXRmOjMwMDE3OTExNTIwMjcwMjo6MDo6&url=%2FArt-Tea-Assorted-Caffeinated-Non-Caffeinated%2Fdp%2FB07G815Q3Q%2Fref%3Dsr_1_1_sspa%3Fdib%3DeyJ2IjoiMSJ9.1UHfxbAIYx7Jw6LMFsvCk9qocI_nNtYDQyvmfKLYWqLMSUcxR6HKKb4hCHsiD0qjCjiHjARar8V-arS8ia65CYAQcbt4aB8wMvMJeOjkOa9V8M8PPKcfLvH6_-V_yBwcGSo6r7k3YPt3HIb5fQESJA-yeR1j2QjOnLbtptFSyusXVcFI9vnasGJGPdJRiKnsPA9p8qWI-LKlXJlraR7OHaVixsZbfXb6_LNb0-OQ-ylY4JEolNa4h1ZEd8YWVjwArPBnQV2A4UjiL0miG7D96ozZ2JcpM6srQpheUIKozM8.ACkag5eIv2KxcOCPZLOWJB-bAhEvYQmF1VgowsUGh48%26dib_tag%3Dse%26keywords%3DArt%2Bof%2BTea%26qid%3D1747909553%26sr%3D8-1-spons%26sp_csd%3Dd2lkZ2V0TmFtZT1zcF9hdGY%26psc%3D1,Exact Match
B00UCN3LAQ,Yellowbird,Yellowbird,https://www.amazon.com/Yellowbird-Seth-Green/dp/B00UCN3LAQ/ref=sr_1_51?dib=eyJ2IjoiMSJ9.K4c7nP_iOSzBfBCTx7AcDx_geAi9JWUy6w6c-ox0e5S5opYjKnf_QHT4WOgzyiK-zVvuHv5JVNZtLss_ZVyo-8A1Q4UphxK31yJEUqRQstEulIXqIXZ81CV5_GlKr4HMquFhToKIxkuPtOq3-JkdJlXxkahOccIIrYBplffrlS_9_Em28LtnCpjLpTZogmGNStFlVOaMZ_8yX9U7l3OweWM1nn7Cpd0pX_XAMP9-8jFltJ_t51p-Yhf1-nT4-7zrex2xTwDc93qTCvVwPEZi5BU2u8RxsjsGsbhOmGToniQ.LDXyPnxp291Qay48MPUZEK9lJPXRoehhFht1wq0xjNM&dib_tag=se&keywords=Yellowbird&qid=1747909557&sr=8-51,Exact Match
B0DJRPLFKQ,Penta Water,Plasma Marino - HYPERTONIC SEA WATER 16.09 oz,https://www.amazon.com/sspa/click?ie=UTF8&spc=MTo2OTc0MTAyMzgwODAwNjU5OjE3NDc5MDk1NjI6c3BfYXRmOjMwMDc1NDg4MDMwMzkwMjo6MDo6&url=%2FPlasma-Marino-HYPERTONIC-WATER-16-09%2Fdp%2FB0DJRPLFKQ%2Fref%3Dsr_1_1_sspa%3Fdib%3DeyJ2IjoiMSJ9.kZgzv3k2LDgwMScxU0K7QmmZ1qQAeSNQhZj-RsH-G5o6-CA6uVevZTyMLCXN8eg1XOY-zFlaKkz1Q-13HUEPQrHXrK9lWxI99YMWB8YRNePAnpPtztciVdiM9S0cX6GYpbTHFH4m6jXwvNDrMfiUBJ0ZEnYEDUBvLkBaYsBuL25TJGnzIprG54PZZ7SrVVKMbotqwysXag8Is1LikYHoc-zmNni791KQiL-K_fzN2gc6vFacE36aOV0gsaMYLSgFZ3IRXiaHMLDGffxoujUij_eilN1MOLSwGDcg7_I-sUE.BDabyXV3hVhdfNLPiGpH5UmyN1Ec2yQPC_R2wt8VBmU%26dib_tag%3Dse%26keywords%3DPenta%2BWater%26qid%3D1747909562%26sr%3D8-1-spons%26sp_csd%3Dd2lkZ2V0TmFtZT1zcF9hdGY%26psc%3D1,Word 2
B0F1L6VZDV,Alexandria Nicole Cellars,Woodinville TR October 2024 Release by Alexandria Nicole Cellars (TV Series),https://www.amazon.com/Woodinville-October-Alexandria-Nicole-Cellars/dp/B0F1L6VZDV/ref=sr_1_1?dib=eyJ2IjoiMSJ9.KPMnZZjeKLGDDHtKp9D-dA.3vvWwsanQ0fZ5Op_iid3Sl2a37kXDfioV-fha859Jog&dib_tag=se&keywords=Alexandria+Nicole+Cellars&qid=1747909566&sr=8-1,Word 1
B078TSYM4L,Simply,SIMPLY,https://www.amazon.com/Simply-Lemonade-All-Natural-Non-GMO/dp/B078TSYM4L/ref=sr_1_3_f3_0o_wf?dib=eyJ2IjoiMSJ9.RzujfehKMHjjK1d0O0hpJJEI7yKprmV-L3zExi_nPeeqH9gerQ47QrvFLakhGqbie5HoGZCatoScBKUv0J2GUY6Kv3M45fEsmkY4z5piS1aGcRsUU20gg-cLAezh9myWPNbhl0rnAHJfNpHCdyAEVNMsXZmVsChBsEpstEi7Wym3ePSP8wYyxV_hD7MhlFCCOfOwdbBd51is8BQ2MJ8UspHT-2TjVybCo_YXZPCa-2iu9GiB59iSUDkemW4s9UBwP08-RUsb0abgd3aihVNKID26Vrdefib_bBVGVL4ebMk.ytodLQ6cJiIRmkKFAkcK83nV3B36aVmcPchfD_ZFCEU&dib_tag=se&keywords=Simply&qid=1747909571&sr=8-3,Exact Match
B0C3RR989Q,Paris Gourmet,"Paris Gourmet 2"" Small Round Sweet Tart Shells (24 Count)",https://www.amazon.com/Paris-Gourmet-Small-Round-Shells/dp/B0C3RR989Q/ref=sr_1_1?dib=eyJ2IjoiMSJ9.VE58mP2BR1HoufX464OiMtYE9_tw07CxraMoX5AP-v1WcWlb8VswT-60rqD_QPjuLbJBrbZM724xS98bugjPPuYn2k5xHOtKOCUGabAF2fxASIClOkhAMWe_rLcFGbof9Q44Xx15om4YAo52LMKGEoWpRpdnj_cXSY0ZesKsR7i_ZCh14ZwC1IYjIoMFu4dNAUdA5XqY-KwZfpjez011YJhNOJYQ2B9fo_PXTwgOqWVPUXkBUurDGd6-liOUDskj4yj_0Io3e5PAfC3ANKnOpkKZ64TUAukgGHOW_HKJpYM.pp0MafuyXTW9ofvCLlUB10KzD8wlahDBRJKXMJUWRyM&dib_tag=se&keywords=Paris+Gourmet&qid=1747909576&sr=8-1,Word 1
no valid product,Valor Hospitality Partners,no valid product,no valid product,no match
B08K3N8BHN,Sanzo,Sanzo,https://www.amazon.com/sspa/click?ie=UTF8&spc=MTo4MTczODIzOTkxNjE2MTU5OjE3NDc5MDk4Njg6c3BfYXRmOjMwMDc0NjE3NTIxOTYwMjo6MDo6&url=%2FSanzo-Sparkling-Water-Fruit-Alphonso%2Fdp%2FB08K3N8BHN%2Fref%3Dsr_1_1_sspa%3Fdib%3DeyJ2IjoiMSJ9.J629p5gHZhtAA--hNQ4nOmsoN7o8wsrqpSWOdd89CtBiruL6JmMX-uiTh8ESb9CIQmaAJMqU5T7WiIX-MZAHlYLbDbjbk--chscFYy7UKjVGduXn35TiQzNtNXRxwTCH7Euxf-JkTUzpHfkDd8ZSfswVeacpNEQI3SY2JQZ2KSxV4VmioHCahfhApOh7gSNvV7JSLtXNkvwnfskkBweqeoU70TBF_oAXpLb55Uwc6rLOMYyjJQJMM5Wvu9YKXZBpf4NwjemVjc1KDQDID4J6CyFnwjtMhEb_VN84-0HLbIM.aA6SOhcIhSQxhhSm8ftGCTCJbJkTufOztwZIJPKh7Pk%26dib_tag%3Dse%26keywords%3DSanzo%26qid%3D1747909867%26sr%3D8-1-spons%26sp_csd%3Dd2lkZ2V0TmFtZT1zcF9hdGY%26psc%3D1,Exact Match
B000RETB2W,"The Fillo Factory, Inc",The Fillo Factory,https://www.amazon.com/FILLO-FACTORY-Filo-Dough-Ounce/dp/B000RETB2W/ref=sr_1_1_f3_0o_wf?sr=8-1,Exact Match
B0DCF2S8DW,Cirkul,Cirkul,https://www.amazon.com/sspa/click?ie=UTF8&spc=MTo2Mjg0MDcyMTI2ODc5NDE4OjE3NDc5MTAxNDY6c3BfYXRmOjMwMDcyMTIxMjQ4NzQwMjo6MDo6&url=%2FCirkul-Stainless-Cartridges-Strawberry-Calories%2Fdp%2FB0DCF2S8DW%2Fref%3Dsr_1_1_sspa%3Fdib%3DeyJ2IjoiMSJ9.uH3fRkC2ZA9m4m6c-pXOG2ucDrFPsFnx0qbrVkIBQJSyK0xBnkAxFwZaS1uFmG96nbRYB2UpZc5rnBmTvd09tluoEWBasDVK2BCUUvC7-9hHhzHKjDXnQ_FJseMmifZoW2vMNzwcu2CZnBvYWfnh4GQxOGHoBkFvpbNCdb7ohyrYWMENSfbPEfmJIvoiK8624KOoMZYYxWENBZe08V15AgBRBAa049LKl42n0RjqjWe8QrWgoIZyaAj2mYfQqyMDalUVtfUhA2LellAXt8AbBEPs7pQHdhSEXS0VaXduTtY.LrFkJBVxijflQrjyuQP4_qkcnnO2HNTPKOemfIAm03c%26dib_tag%3Dse%26keywords%3DCirkul%26qid%3D1747910146%26sr%3D8-1-spons%26sp_csd%3Dd2lkZ2V0TmFtZT1zcF9hdGY%26psc%3D1,Exact Match
no valid product,Manhattan Fruitier,no valid product,no valid product,no match
no valid product,Urban South Brewery,no valid product,no valid product,no match
B010BCLOBK,Hennings Market,[(Food Economics: Industry and Markets )] [Author: Henning O. Hansen] [Jun-2013],https://www.amazon.com/Food-Economics-Industry-Markets-Jun-2013/dp/B010BCLOBK/ref=sr_1_2?dib=eyJ2IjoiMSJ9.vPo7jyTd6e73jBcSIQH43OClwf3XyuV3IZB448nlbjDIXt8_l6hdc8tb7ANdHAIPI3Am5ej-g0NP2U0C9xEeF6roXZxjtBTlTdIsflQDws8NiaV6jjaF-qb82oS-xCWKtqCE5oALKX8135n5CoKcKMJu7Zo4YJYQQg1CD2b631JZi4wPoC1UenZcp2U5qB8HifT-gW6NNt94UO7QKjaDkmppj9TsPUUufYk_t_nbYbQTcwrGRRMbjAY-aFK9u3nWJM1kA8kSDdk-Jpy26nDqZKkw7bpGfSZcl0mTeMo9TqY.BF4c8bMrbvhrtifj7R5V7n5aEE54AHh1Egnf2VvZtws&dib_tag=se&keywords=Hennings+Market&qid=1747912592&sr=8-2,Word 2
no valid product,ClusterTruck,no valid product,no valid product,no match
B09ZTCCGX4,Pluckk,pLuckk [Explicit],https://www.amazon.com/dp/B09ZTCCGX4/ref=sr_1_5?dib=eyJ2IjoiMSJ9.ftcpfK2ZzxQy7d3pQmiWEcjH7j6d1SeKvPRS9t1rHlYI4xWeuHMlpSlCHCM8wxzGWwomiMUyD4keh89rZYYNfGvrYdY4uxyjXSC09hAcfJYRRF3mSVnEbMJZFBRDthDyd1FVuGBb-5eyIdPuPyrDgah-n7xtY5Rw8TNtTU52cSRpCPWQ-G8xSsnEBMAkE_MqOybXN0ddGaDLsiM5aKy7dw.W-uqkDYY7HhotZIVDrcidk32B93psPovSsK36FOtgXw&dib_tag=se&keywords=Pluckk&qid=1747912886&sr=8-5,Word 1
B0DFMV4RH1,Plum Deluxe Tea,Plum Deluxe,https://www.amazon.com/sspa/click?ie=UTF8&spc=MTo4NzY5NDA3MTkyMDcxMDoxNzQ3OTEyOTk5OnNwX2F0ZjozMDA3MDU4MDU1Mjg5MDI6OjA6Og&url=%2FPlum-Deluxe-Sweetener-Artificial-Resealable%2Fdp%2FB0DFMV4RH1%2Fref%3Dsr_1_1_sspa%3Fdib%3DeyJ2IjoiMSJ9.YgaBEHGZfPVLbYFxgiOEYCPMkNgTf9JhQcZr74HEFGvW9sbdltc_JO6V0INFfPj0NJ-OcP-OQINyyxvMNziAyuwz3JPvHgRMKl9BXaF6kCyAfjdP62S8FKbKeyb3g1_UHNgj_aq-zI37yGt7o1iWf0kHJ0Aa-PwZMASZu23RwQ_EomQ8gxjWZ7nYCbEGe1RBVsWZlFFPadJvM01ulUv1-kjV__4AZ3cxoWTikOro00-RkJrhIy1PKUiZL3SSCzZE5bmWKcz8XvSAsaheWhbi5487LAtaNTdVVsCXw1Jvy1c.N-Beq8EvPsDAb6LcAqKHsAFjyIU2udPOBH2vxh5fPjo%26dib_tag%3Dse%26keywords%3DPlum%2BDeluxe%2BTea%26qid%3D1747912999%26sr%3D8-1-spons%26sp_csd%3Dd2lkZ2V0TmFtZT1zcF9hdGY%26psc%3D1,Word 1
B0DD134MRY,Eastland Food,"Spicy Crispy Garlic and Onion Flakes, Crunchy Food Topper, Fried Onion and Garlic All-Purpose Seasoning, Gluten-Free, 80g.",https://www.amazon.com/sspa/click?ie=UTF8&spc=MToyODA0MTU1OTY3MzE4NDg5OjE3NDc5MTMwNjM6c3BfbXRmOjMwMDQxNjE2NzE5MjUwMjo6MDo6&url=%2FCrispy-Crunchy-All-Purpose-Seasoning-Gluten-Free%2Fdp%2FB0DD134MRY%2Fref%3Dsr_1_17_sspa%3Fdib%3DeyJ2IjoiMSJ9.6vO1dNL8rp1ynFiCdWZJkZR6_1XBxWkNIrGIh-jRAJUwLbKG58p3aLcdpqPzi4S03GQqmOcYQ5fFqsox3qtf3SG_hmBkY7pLAPsGRn0SHC0RJpvToTXCo_WdJVdC9dlaI88XfLtne_1C_59OCBUjC2dAztZ8NAl9j7ar_d1OO6o.tbLmQna1nn2qdyOGA-WKlT7ge4cHyi-FD8qwaMo10Cg%26dib_tag%3Dse%26keywords%3DEastland%2BFood%26qid%3D1747913063%26sr%3D8-17-spons%26sp_csd%3Dd2lkZ2V0TmFtZT1zcF9tdGY%26psc%3D1,Word 2
B0DSJSLX3V,Seven Stars Bakery,Seven Stars Bakery,https://www.amazon.com/Seven-Stars-Bakery-Artisan-Crackers/dp/B0DSJSLX3V/ref=sr_1_2?dib=eyJ2IjoiMSJ9.LOWrtYC_qzhkbCn9GU8Zms5yAxvpvQqJndIL-kuHWvCss-_kHJVb-EbOiEqNs3hK9Dy73ne8WhvOP0xTXon32BvCnx8dbSuqf-S4R79r7Sn3hI3AdpCQ7crP7890KBBVmL-36-hc01GqIHipw0KXFY38Zh8QOMrDvwCDdw2FST9tutM907inv3gKl7kXuHvvyQweizPMS8e8prNZKz_BR646H-6obZ_3xeXAf70FBNekMus76XIEKE-9vMYl0TSBaQI9uqzDoYfGrQeiTlAhOonIqnNqxIw9eHMgEhEv7GQ.nZutDEFzqsDQ7A1kqZ725Fr5y-i8188Y3AkOr6XZq3g&dib_tag=se&keywords=Seven+Stars+Bakery&qid=1747913096&sr=8-2,Exact Match
B00AXBJZAC,1440 Foods,Bulk Disaster Prepper Food Storage Supply: 1440 Large Servings - 370 lbs - Emergency Survival Preparedness - Freeze Dried/Dehydrated Meals,https://www.amazon.com/Disaster-Prepper-Food-Storage-Supply/dp/B00AXBJZAC/ref=sr_1_3?dib=eyJ2IjoiMSJ9.CGyYXB2E5pZSFP2Qbe5mHWMb2CJKVLZa87chojKyMtMwnNy-fBfh-NvvBLUPhX4xKUlREfxVaG3-2GsN1LCRHMEf2KbZbIQDOV90QSC-UtupXvZ42gqynIssqLWUbOgsXVFARTBU3PO_wpetEvYsfEfs3b5UBud8BPnWfVuVIRqfNZrQwi6cxi2-hZCg6LUxQfl0bgUKnmSi0UOljWHcGMwd8OywOPikvNutQI0MoEDhbJJ9ZsTIMZQjuCf022YMpcc_u_5qJY14lNfXb05oBKyVkjzyl9cjOctKyXGEYtI.UoM1Nd1ajhWXvzBLHySM9ERnmjBpoCTswAZRC_uAWc4&dib_tag=se&keywords=1440+Foods&qid=1747913204&sr=8-3,Word 1
B09SH1W7QQ,Hotel Tango Distillery,"VEVOR Water Alcohol Distiller, 8 Gal/30 L, 304 Stainless Steel Still w/ 6-Lap Coil & Exhaust Port, Home Distillery Kit w/Thermometer Pump, Oxygen-Free Steaming for Purer Whiskey Brandy Essential Oil",https://www.amazon.com/VEVOR-Alcohol-Gal-Still-Thermometer/dp/B09SH1W7QQ/ref=sr_1_2?dib=eyJ2IjoiMSJ9.mwKeKQeJhsV6zzwooHT6JgkcDFU-ULC3MkRNHY1BHqQ4RgtpAU28nR7XKMTrsqw2STo7ZMUWJS_BgGEMQK1qPLN7olk95VSUBkM_oaV0VVY.Lbwt9sa-kN7sTnwQ8t0IWL5AbajH16amZjYF4ePNgbQ&dib_tag=se&keywords=Hotel+Tango+Distillery&qid=1747913213&sr=8-2,Word 3
B0D17N61V3,Phenom Elite,Phenom Elite,https://www.amazon.com/sspa/click?ie=UTF8&spc=MTo2Mzg2NTU2MjIwNDIzOTIzOjE3NDc5MTMzMTg6c3BfYXRmOjMwMDc1NjQxNDg3MjgwMjo6MDo6&url=%2FPhenom-Elite-Classic-Joker-Football%2Fdp%2FB0D17N61V3%2Fref%3Dsr_1_1_sspa%3Fdib%3DeyJ2IjoiMSJ9.bFEtmPJ2tshfumE5fbrriVCgAIoOlr1RGfz2QPfySw4HwD2B_YplWdYiozYYn0sxadb3MXn0LT8exqBkDakbyUCtDDNuHI1YawW_SG2-8mY2-ekMIZCqTl_EzaM8pEWFLDaOaDJn7jTDYE6R14NH06CtOqV9jZHW2wL4TXT-CH_i39J_U-mwpFFbCvaCIta_tq6LMkvrpWkpQXo1sA8mXqBRaNKYegJgji9Y9wg5D5NECZ9QvtGKGTpFa-ki3OJJ-cOGzUvui6-MIkkpfIot9fHqHaUHvaNy6VRWsI_35IE.9hjGXRsJXlyAJApTJdKpkMMqUI1cqycQrgu2j7P9wDw%26dib_tag%3Dse%26keywords%3DPhenom%2BElite%26qid%3D1747913318%26sr%3D8-1-spons%26sp_csd%3Dd2lkZ2V0TmFtZT1zcF9hdGY%26psc%3D1,Exact Match
B00U1Q4N74,Chesapeake Fine Food,Chesapeake DIRT 9.75 oz Large Bottle,https://www.amazon.com/Chesapeake-DIRT-9-75-Large-Bottle/dp/B00U1Q4N74/ref=sr_1_1?dib=eyJ2IjoiMSJ9.V7a23RujVnfQ4QgcCWC9Q25O-sr3d4d2-6QiDatn5HyLcJ0iQhu2PPLDEWxItfdJhMEcw7BPJSGCpX8RelGG9Y1iS-atxL5Gjug4mIQnG7KLokHonL22yW8kgp_uwD3nXRTCsGobPFXkzZt52O4thUcomzTF9YuRK0fmzRe07Ct5LCzqxGBgVv8OrJryTHDEN4iXRwm-wVjVUHzBL8U6GyWr06A01YxA77cBjsihIpc.1goYKmX3H2uwEVM8aAoxneMnYiLaJvqfraSLknaxDQs&dib_tag=se&keywords=Chesapeake+Fine+Food&qid=1747913328&sr=8-1,Word 1
B00OH27GW2,Hampton Farms,Hampton Farms,https://www.amazon.com/Hampton-Farms-All-Natural-Roasted-Shell/dp/B00OH27GW2/ref=sr_1_1?dib=eyJ2IjoiMSJ9.LpiuZ0RLgKEWWygNn9ZAjWWVqZKzsow6Ayx5zN5v_YVUV_hZKAkLQIHIkmk1EcbUWuzeXG8nozyiYYjoKPsZDSkL_FAswUlRfvqBeu1kGbjqzCSnByqdCt8DbbWuOedzgoibe_M6EnUWEBH007Si4nbNdiAPuybnQ4PlAT84tH2JWYpIOslITOFLneHftzUyvpzJnNxKWaAIi9jDkGcU_EixDLx_0RU5aAkpR5alJILEq60162Z6jQCeqTttsn2ztPEGYfp1ftEg2HuoMDcVaNwz4v3eEXPZaijGkeHZZEg.z9wuvoI6ATeoQrIdeh8ukXe5tphAlWARo3SBT4erTs4&dib_tag=se&keywords=Hampton+Farms&qid=1747913403&sr=8-1,Exact Match
B071W7JKBS,Glacier Tanks,Glacier Tanks,https://www.amazon.com/Racking-Arm-Clamp-inch-Degree/dp/B071W7JKBS/ref=sr_1_2?dib=eyJ2IjoiMSJ9.zSX5dV9iI7lIkMDNNavJE0uVICEMsJHvTzX4uHcVI1AjB2JyaqoGo1LkQBv36-xOwYWgWLgAKRJZtcGcG_peq-54xH9n-a4CmQKxRHnCgXS--vrmX-1vtuDL7YIhtHeZKvVYOEV8q2blbf164eY8aXw2-v2MHqQ3hsTMXs_yXggC_0T-vMr_bnqW6RsDT85SjCUfgpR00SQHAJSv0GqRIRXUOqvRPXQtglb4ZxWCvkcDXG9np5uUaMY_XqF_3_C2m1qDmQuA-9BL2KGhwNx1iq4fuIBkXBooDmtkRrt-Fq4.nQAEiqTpz1hIB7y2Vw0OklvpuL0q1uujfxkO13lgIAE&dib_tag=se&keywords=Glacier+Tanks&qid=1747913451&sr=8-2,Exact Match
B08P5GN1CB,Gramophone,"ROKR 3D Wooden Puzzles Gramophone for Adults - DIY Mechanical Model Kit 1:1 Replica Record Player Support 7""/10"" Vinyl Building Gift Hobbies for Adults Home Decor",https://www.amazon.com/sspa/click?ie=UTF8&spc=MTo5NDE0MjM3MTkwODc5MDA6MTc0NzkxMzY1MjpzcF9hdGY6MzAwNzYzODgwNzU4NDAyOjowOjo&url=%2FROKR-Wooden-Puzzle-Retro-Gramophone%2Fdp%2FB08P5GN1CB%2Fref%3Dsr_1_1_sspa%3Fdib%3DeyJ2IjoiMSJ9.EN1XpDM2TlsFh17Jz8feCcGzm4UTzzje-7n1MN7Oaa7hXsXIBrdAJrgs-qkcmVX2FU0vfWZDKfmWWF13Tl1DRY5F3zLmLtfBxuQMXMDvAtLthkceJqcASLmi91_nCNnYKLemjOti8hPkl3Gf31dTsmvENoxLO2IIXj4sRMvWwa4Mn7e3g_8zkYlFj_VE45kgK1AqTTh82nIh6ojkzvLw4UPRhb5Vel589Tg8iSY0mpM.qQDY74kjegA821HY9CQFSK1KWjfSJts6ZM-Xoxf1AhY%26dib_tag%3Dse%26keywords%3DGramophone%26qid%3D1747913652%26sr%3D8-1-spons%26sp_csd%3Dd2lkZ2V0TmFtZT1zcF9hdGY%26psc%3D1,Word 1
B0D3J1FNWD,Rival Bros Coffee,Rival Bros,https://www.amazon.com/Rival-Bros-Flavored-Perfect-Caffeine/dp/B0D3J1FNWD/ref=sr_1_1?dib=eyJ2IjoiMSJ9.wCoKZG2q1U9J8kniDJirOUSNdkUu9BMND_S3alBh-c05GKkSESFjAPakjWfvbyYuSDo3KR1gsiWPgS_iDBLck8fMIIwBTz2LCEylMeBYC53-hA-b4hS46eHl7-RMfBGGej7x_Tz71BIK2FjX6LuAQXZ4svLDVmSZCjdcU-E1UFb4p79uzyNiGonfecZO3e0aaXixQ53bFvtEwgjdf0DPQUGz9rvYC2jwcOe_WOf1rtlXI1yzw3vJeTvtAL24iy7P4oj5YOw33k6jU4iIKW0CF4OBPRdzF01s4MKubFKHakE.UtqXXz1d3lea_uFwusoARIc65c7dElLtZAZCxbcWWio&dib_tag=se&keywords=Rival+Bros+Coffee&qid=1747913712&sr=8-1,Word 1
B0DMXHYR8G,Montana Mex,Del Mex,https://www.amazon.com/Del-Mex-Mexican-Sweatshirt-Pullover/dp/B0DMXHYR8G/ref=sr_1_1?dib=eyJ2IjoiMSJ9.SIAjafWop0qvB24IaFwU0vS5P7t_WX5Pc4rqfh5rBdI.tLWw2hDx6y-etT54Ik6PXyRXgFhNZlfHR0rUccmeArI&dib_tag=se&keywords=Montana+Mex&qid=1747913962&sr=8-1,Word 2
B07FX11NXM,Threes Brewing,THREES BREWING,https://www.amazon.com/Threes-Brewing-Logical-Conclusion-Cans/dp/B07FX11NXM/ref=sr_1_1_f3_0o_wf?dib=eyJ2IjoiMSJ9.bveT7YPoNtJzBfiR5BagmNN2nvSXMULoi4g4u04GDL7QSfMh69dMhX7gWqm1cuBPuGkWboARdzYMuqwH0CT96UQVFB7O4pv7VuloZXRYtfjCX4fF64udPT_bRPfswST5.fa2rqLUkNtpcBHXsoG-_kiUa7wN2z9OWCccEkYWPDAM&dib_tag=se&keywords=Threes+Brewing&qid=1747914158&sr=8-1,Exact Match
B08Y68JDJR,Martin House Brewing Company,Purple Martin Gourds with Hanging Bracket and Pole Kit – Complete Purple Martin Housing System,https://www.amazon.com/sspa/click?ie=UTF8&spc=MTozMTI1MDIwODgwOTIxMzY0OjE3NDc5MTQzNTc6c3BfYXRmOjMwMDE5MzQ3MzMwMzcwMjo6MDo6&url=%2FBestNest-Purple-Martin-Hanging-Bracket%2Fdp%2FB08Y68JDJR%2Fref%3Dsr_1_1_sspa%3Fdib%3DeyJ2IjoiMSJ9.zBqWFbKQJ9ORStVZoOfYwyVfqScRwukpGfdki_bpSVTOOFH5shd_7ahDPwG1yt36H-3yIMbI3wZJ8sONa2DfykK6jhT4qMYWRaIL9fOp9wDevOCL_wJg6HB35e9ld5oSjhjys-uZnOFcPi6wkCcU0ciFxteco_qs0ROOGY7db9AdX6H6Tb9BoqAamNPDbS3LDa-n8KQWNCiEPFttl9OkBRqENMoCPuPkjhZpVCEPzto.ueEXUTqu_0FR73Tpy1TGSSZLkLTYvH_bUOFXbEEBvdM%26dib_tag%3Dse%26keywords%3DMartin%2BHouse%2BBrewing%2BCompany%26qid%3D1747914357%26sr%3D8-1-spons%26sp_csd%3Dd2lkZ2V0TmFtZT1zcF9hdGY%26psc%3D1,Word 1
B0B6221348,CALIWATER,"Caliwater - Organic Cactus Water - Watermelon - 5g Sugar, 35 Calories - Half Sugar of Coconut Water - Natural Plant Based Hydration - Skin Care, Electrolyte Drinks - Flavored Water Beverages - 12 Cans",https://www.amazon.com/sspa/click?ie=UTF8&spc=MTozMzMyMjA5NDUzNjEwOTQzOjE3NDc5MTQzNzc6c3BfYXRmOjIwMDExNjA4MjY0NDQ5ODo6MDo6&url=%2FCaliwater-Watermelon-Hydration-Electrolyte-Beverages%2Fdp%2FB0B6221348%2Fref%3Dsr_1_1_sspa%3Fdib%3DeyJ2IjoiMSJ9.y3o4Lb5ZWAQ_qzxyJ5y0RigQmNIF03zcDSISmp4ACzbM0GH_NJCMsmsT9aI_zKEi9EwNxStw5NQL2usXGewftFht78A13Pn5P6jZrsu1TzrXBsOVIYv01CAlGE6mCuryUb-p8npLgFIqBXzk3IVJzfolQs1oc4e1pvHBVD2ndv5uemdqor_2nPKD8jynfkiL31Dycdhtk5D4roMmE1ittsyCyuGLTExW9ZkDkEeq8RRtGzQkR7xml3DWbxJYkIKD2M5wkghng8RB1MST_pVDupkob_Go_PAgHy1LnUZz47k.Ru10vJtWiqeuZRZt6noxz7XakDmjZ1am4jNVo8O1RC4%26dib_tag%3Dse%26keywords%3DCALIWATER%26qid%3D1747914377%26sr%3D8-1-spons%26sp_csd%3Dd2lkZ2V0TmFtZT1zcF9hdGY%26psc%3D1,Word 1
B0DJDNTT58,Holiday Oil,"Scentify Holiday Mistletoe Magic Aroma Oil Christmas Refill Scent for Oil Diffusers - Pine, Oak, Moss, Clove, Cedar - Luxurious Relaxing Aromatherapy Fragrance 100ml, 3.38oz",https://www.amazon.com/sspa/click?ie=UTF8&spc=MTo3NzQ4MTgyMDk3NTkyOTc3OjE3NDc5MTQzOTA6c3BfYXRmOjMwMDUwNDczNjU4MTAwMjo6MDo6&url=%2FScentify-Holiday-Mistletoe-Christmas-Diffusers%2Fdp%2FB0DJDNTT58%2Fref%3Dsr_1_1_sspa%3Fdib%3DeyJ2IjoiMSJ9.RTVn1tQONFh7G9i5ngHKQd42ihuN5kExJLAq4sby0-B6h4hA1Rnlb98BdIQ2li5d_OQEwRqjk67jtZJAdK9lqdI26Jq_0mR4E3Op9nTK_GKInMaNWM8wSS5qprpgst1XK5fqolLrvwPTutgrk2WqQAI4OnX2CLhYYtOTebz9aJxl76jdKxmMW5KugD3HxisvBlF6owWOO1sFMZKe__pSA6L3zv6gQctQN52CFNdjeikDWVBtN1P17EzHB3DbZrMUcj4XHjOokeGX7CqWN0UMY7CtYa-PIa7q7QCQgo6PayE.dbIVDfu7ALwnlKdM2YBwxc4KMZzVc5KQtLFVNJP_XI8%26dib_tag%3Dse%26keywords%3DHoliday%2BOil%26qid%3D1747914389%26rdc%3D1%26sr%3D8-1-spons%26sp_csd%3Dd2lkZ2V0TmFtZT1zcF9hdGY%26psc%3D1,Word 1
no valid product,ArtfulTea,no valid product,no valid product,no match
1561588628,The Bungalow Lakehouse,The New Bungalow Kitchen,https://www.amazon.com/New-Bungalow-Kitchen-Peter-Labau/dp/1561588628/ref=sr_1_1?dib=eyJ2IjoiMSJ9._-UlKsFCc2ysFFcbWKG0Ago3Y_xoZ8EIbZGJndS-aATzujDotoJzdQ7wyPXhlHBdCSl3z5x8xfr88YLxNbHzXw._svMRB4jVazHl64ORrWmXUzDVafMH-JuWbUl86hxn8E&dib_tag=se&keywords=The+Bungalow+Lakehouse&qid=1747914728&sr=8-1,Word 1
B0DWKD86WQ,Wagner Vineyards Estate Winery,"Tuscany Landscape Canvas Wall Art, Vineyard Canvas Wall Art, Wine Art Wall Decor, Faux Hole in The Wall Canvas Print, Winery Wall Art, Italy Nature Wilderness Poster, Home Decor (Black Framed, 48""x27"" | 122x68cm)",https://www.amazon.com/sspa/click?ie=UTF8&spc=MTo1MjM3NTU3NTMyMzI2NjI6MTc0NzkxNDczNjpzcF9idGY6MzAwNjU5NjU5NDU1NTAyOjowOjo&url=%2FTuscany-Landscape-Vineyard-Wilderness-122x68cm%2Fdp%2FB0DWKD86WQ%2Fref%3Dsr_1_3_sspa%3Fdib%3DeyJ2IjoiMSJ9._A2kSEc4wdfVQinvgDEbtmXpODkFD9R2iVpTsGoSnuI.UhLwfuRqpGptnuexsZBEideedAfKtBLD3blVttllZ34%26dib_tag%3Dse%26keywords%3DWagner%2BVineyards%2BEstate%2BWinery%26qid%3D1747914736%26sr%3D8-3-spons%26sp_csd%3Dd2lkZ2V0TmFtZT1zcF9idGY%26psc%3D1,Word 4
B00GP0CZFC,Wally's Wine & Spirits,Crafty Winemaking 1: Advice to Easily Craft Award-Winning Wines,https://www.amazon.com/Crafty-Winemaking-Advice-Easily-Award-Winning-ebook/dp/B00GP0CZFC/ref=sr_1_1?dib=eyJ2IjoiMSJ9.5eYs_dWKvyTsRyY0gjnRjQ.yq2bsTZE-7CXyZ51JmrBpcZSb0v8w15zu4IDrvHWw3o&dib_tag=se&keywords=Wally%27s+Wine+%26+Spirits&qid=1747914741&sr=8-1,Word 2
B0C888VZN3,Clean Juice,"Raw Generation Green Routine Superfood Juice Pack - Fresh Cold Pressed Juice/Boost Energy with Plant Based Protein & Low Sugar Juices/A More Delicious Way to Get Your Greens, 18-Pack",https://www.amazon.com/sspa/click?ie=UTF8&spc=MToyNzI0Njg2MjYyMjA4NTY3OjE3NDc5MTQ3NDY6c3BfYXRmOjMwMDc0MTY5NTE2NzIwMjo6MDo6&url=%2FRaw-Generation-Green-Routine-Superfood%2Fdp%2FB0C888VZN3%2Fref%3Dsr_1_1_sspa%3Fdib%3DeyJ2IjoiMSJ9.RadUGS4jeE0L-oUab9G1Ev3CSljarh1w_6vGWiSoF0mKsVtlEdnnmyed9wyXMdmvzhlNGFnIY5iy-k5oz749-5u60CKs2FB9WLdnZSZ4Nm1d6AVX_CRs0GQDAgAVmuf7QzJsVTr7yEC8BAX8IVXgh2WyBsTOZ5dtSOXSxO20x8ctbsMNChe63GGAghiXBUQvJj9XPAYRMUW4iSilg3CejP6ZRfGytnW8ZEiBv7dXD_ni6NqQDHoVNu_Vh6CHDcVa39Zj5MD7gXah8SgSj4mwDYFWB_aOnJXqK9if5EaEOn0.kQxfZQ_Xt41Ju53P7tqxgkNDE_5Puag931pz5A5GM7s%26dib_tag%3Dse%26keywords%3DClean%2BJuice%26qid%3D1747914746%26sr%3D8-1-spons%26sp_csd%3Dd2lkZ2V0TmFtZT1zcF9hdGY%26psc%3D1,Word 2
B0F256C8DP,Dress It Up Dressing SoFine Food LLC,"Dress It Up Salad Dressing, Peach Vinaigrette, 3-10 oz Bottles - Clean, Healthy, Delicious, Gluten-Free, Paleo, Keto, Vegan, Versatile, Marinade",https://www.amazon.com/sspa/click?ie=UTF8&spc=MTo4OTA4MDM0ODk3NzAzNzI2OjE3NDc5MTQ3NTI6c3BfYXRmOjMwMDc1MjQ3MjIyNzYwMjo6MDo6&url=%2FDress-Up-Dressing-Vinaigrette-Bottles%2Fdp%2FB0F256C8DP%2Fref%3Dsr_1_1_sspa%3Fdib%3DeyJ2IjoiMSJ9.hjsKZjswW0PBmY601t2QzvJYe2arZj4rTAq12PmHa7q2EYy9iIS0tufTjdv2tsX2Qk2W1kyHHSrHX6QWGx536SI_C_jj7MjE3C1xZp1d1NY.jNAHRrJBRj2E8kebyvFIY0sZ48WLG9fw9ofme8t7r5I%26dib_tag%3Dse%26keywords%3DDress%2BIt%2BUp%2BDressing%2BSoFine%2BFood%2BLLC%26qid%3D1747914752%26sr%3D8-1-spons%26sp_csd%3Dd2lkZ2V0TmFtZT1zcF9hdGY%26psc%3D1,Word 1
B006B9CBVU,Sean Minor Wines,Sean Minor,https://www.amazon.com/SEAN-MINOR-Pinot-Noir-Bears/dp/B006B9CBVU/ref=sr_1_3_f3_0o_wf?sr=8-3,Exact Match
B0CB9DJZ9M,Skinny Mixes,"Batchwell's Spicy Margarita Mix Singles: Skinny Cocktail Mixers, Mocktails Non-Alcoholic Drinks - Portable Cocktail Mix and Drink Mixers, Mocktail Mixers, No Stevia, No Artificial Sweeteners",https://www.amazon.com/sspa/click?ie=UTF8&spc=MTozMTc0MzYxMTk2NDI0MzE3OjE3NDc5MTUxMDI6c3BfYXRmOjMwMDAzOTAxODQ0MTMwMjo6MDo6&url=%2FBatchwells-Spicy-Margarita-Singles-Non-Alcoholic%2Fdp%2FB0CB9DJZ9M%2Fref%3Dsr_1_1_sspa%3Fdib%3DeyJ2IjoiMSJ9.YZbNlVisKp-jCE855dlJyYfxXH3G1PkoeO1OInfcOCQJlkTlbgA1yiM3AQCW6K1sVp85mHzd1ND4es04I-1ypx1E_MeLwWyzV160p3y-0AEkMScf85JyohWPe5pPaeBvixALrzXMwfmVcdtF98qN-gnIogJpvx5JdTPqmoYEN3paXV7oc_ElAPcIUA-Nla021jk9PPh1cSaGsep2D9uDWB5veRTkvz-8YBYRtntKJKF1ChqoJzK-P-KGXgN0Vrg7qIyL1uz70-Dyb7L7v0MtRXWvl_LF_vPzEjHlS9xDzXc.RxUHTZAQqATg8M8ig39f940kI1-qG3Jbh5eJGnRI3qQ%26dib_tag%3Dse%26keywords%3DSkinny%2BMixes%26qid%3D1747915102%26sr%3D8-1-spons%26sp_csd%3Dd2lkZ2V0TmFtZT1zcF9hdGY%26psc%3D1,Word 1
B0CJ9TDS4T,Rusty Bellies Waterfront Grill,"EL BARRIL 3lbs Smoker Grill Combo, Stainless Steel Barrel Charcoal Smoker – Smoke or Grill, Portable Outdoor Grill with Grilling Accessories",https://www.amazon.com/sspa/click?ie=UTF8&spc=MToxNjQ5Mzg3NjIxMTc5NTI4OjE3NDc5MTUxMTE6c3BfYnRmOjMwMDc3MTkyNzU1NTAwMjo6MDo6&url=%2FEL-BARRIL-Stainless-Distribution-Preservation%2Fdp%2FB0CJ9TDS4T%2Fref%3Dsr_1_7_sspa%3Fkeywords%3DRusty%2BBellies%2BWaterfront%2BGrill%26qid%3D1747915111%26sr%3D8-7-spons%26sp_csd%3Dd2lkZ2V0TmFtZT1zcF9idGY%26psc%3D1,Word 4
B07PRYQYTS,Pita Delite,"Stacy's Flavored Pita Chips, 1 Ounce (Pack of 24)",https://www.amazon.com/Stacys-Flavored-Pita-Chips/dp/B07PRYQYTS/ref=sr_1_1?dib=eyJ2IjoiMSJ9.WFj3JRJz9cv4X2AjkOCYVB0zyCP4cMIJejt__UsaRNdsswspCp-rs5i697XEjE0mWIxw1s5oD4whw5jk1gFNackfD_nTCtOf50DM7JNUe8h0ym-elHxDgOQ617xXv6sznSeYKgCrbKfvwIaaE_n3l4GZbfCfBWOEX0ttAD2gJxSVXZnxwRlNOljP5FGdgEI8rbkTwrZCIrEPAmhZ9Lz7tL2ab3jngVxtUXfOy5iOOcSbcVQJxFFLvOLF9uPP_hTToGMDL4aG3-DUbixv47MvmXD7UunRgdu5lF3sdl2EGWo.Nb7TmzqaES5LWxeA4gR0gQ7M2qkBRz5myg_3b-WY9jM&dib_tag=se&keywords=Pita+Delite&qid=1747915115&sr=8-1,Word 1
B0DQPLMYNY,VIVAZEN,VivaZen,https://www.amazon.com/sspa/click?ie=UTF8&spc=MTo1MTY2ODE2NTUwNTk1MjYxOjE3NDc5MTUxMjA6c3BfYXRmOjMwMDY1ODU3MTQ1NjMwMjo6MDo6&url=%2FVivaZen-Multi-Grip-Attachment%25EF%25BC%258CT-Attachment-Landmines%2Fdp%2FB0DQPLMYNY%2Fref%3Dsr_1_3_sspa%3Fdib%3DeyJ2IjoiMSJ9.zxA5FLsKXriXjXagesyiG9Bkknh3QgnQTCBHnQ52Gdn6MdtiG7TJijYX0uNNqRz4ssJxTvIaevO1b2nHhcaX4y5xuI4GnrPsYy6lIR69JWvMMtAcePjJPXDEQ_UnUnGFtkvtXqXBaceXoPj1Zv-L5WYthRkrPDKmaS-Ov4-aQ2VfOcvgYJzE3sgg86CQkdjtXEEgduwlhTVXFcVOs56riqzDEO4SNS4biMps1vADjyGnEIpycQDDoVZhmfDl5UyJ2KdPVJ9aG1Wbo0Fr_uOREsFLMBTNtXMZ7HgYRIxTx4E.WVOMT6ufT3Epo76H9mxeuO7KlgvbVJHQ9hLovwNAakg%26dib_tag%3Dse%26keywords%3DVIVAZEN%26qid%3D1747915120%26sr%3D8-3-spons%26sp_csd%3Dd2lkZ2V0TmFtZT1zcF9hdGY%26psc%3D1,Exact Match
no valid product,Tealet,no valid product,no valid product,no match
B0CG7P2W4B,Magic Spoon,Magic Spoon,https://www.amazon.com/Treats-Protein-Friendly-Healthy-Chocolatey/dp/B0CG7P2W4B/ref=sr_1_1?dib=eyJ2IjoiMSJ9.uBtjWsi4gQwbnSuVmUDhsd4o_1Wjky6Xzw6nyOBjwpxLWyT8gbwWTBkfdB3fXN1owgHUtvS4pLvrtcHCGkANbn8C3xvkZSY8Ke1Wikes0d0uCeHfehDlB8lrxZdMQh3awirALFL0lomN1lYbXiFslYTzEesWyzD5FMssElOYEWOkUTbeX2x_wkXG29D2hmr-fxFyAYo9TyD2aveqmPvp1QQOhxNhT1WkKA2DloyBgBbRj_yq0j3oKCMKOPn3vwp4zlVisi4tJ1p0DyM0wq68B8vAu1x6tNiWmPsc0w7BGNM.LPeS1H4ZEaNIfCocl2aq1PHQARZPYaHVba-DBWuICQU&dib_tag=se&keywords=Magic+Spoon&qid=1747915451&sr=8-1,Exact Match
B07KDRPYBJ,Drink LMNT,"Hi-Lyte Keto K1000 Electrolyte Powder | Unflavored | Hydration Supplement Drink Mix | Boost Energy & Beat Leg Cramps | No Sugar, Stevia, Maltodextrin | 50 Servings",https://www.amazon.com/sspa/click?ie=UTF8&spc=MTo4OTQ3OTU3MzIyNjc4NTk1OjE3NDc5MTU0NTc6c3BfYXRmOjMwMDU4NDE0Mjg2NDYwMjo6MDo6&url=%2FElectrolyte-Hydration-Supplement-Maltodextrin-Unflavored%2Fdp%2FB07KDRPYBJ%2Fref%3Dsr_1_1_sspa%3Fdib%3DeyJ2IjoiMSJ9.ZnWpi8P-1X4ilrTYR7hPgp6jH9gO-QitV9QarSo3ViDjxRGZvgK0i2ppUsJZEaPdUl2O8-Xy3vhrkPicmH7KE-Kik2SZpBnUCAj7f_M32B20uqVhRsRLHS14axbPUjhXfJBVUL9uis35mCToKRiA_DPTNtnMc2pmBeMWSpgCkmB9HdyqHfC2ZIj5FiWDoFxBfaoLP88KZEefjACkcMNI5mWS5ZnCEaihF4LFvjiH8uqDMkm2czXRx37kZ7kyLsI1BWjRIU9u1mo9BHl2UdQ0fkdOgKARNfWMkgGsx09zdts.TfKiX4bHWxLOOOmJhJAAfViu8AABlx0Uiumvnat1qNs%26dib_tag%3Dse%26keywords%3DDrink%2BLMNT%26qid%3D1747915457%26sr%3D8-1-spons%26sp_csd%3Dd2lkZ2V0TmFtZT1zcF9hdGY%26psc%3D1,Word 1
B01HODJFKQ,BlackStrap,BLACKSTRAP,https://www.amazon.com/sspa/click?ie=UTF8&spc=MTo5Nzc3NTcxMDk3MjQ4OTI6MTc0NzkxNTQ2MjpzcF9hdGY6MzAwNDgzNDU4NTkwMDAyOjowOjo&url=%2FBLACKSTRAP-Protection-Gaiter-Multifunctional-Headwear%2Fdp%2FB01HODJFKQ%2Fref%3Dsr_1_1_sspa%3Fdib%3DeyJ2IjoiMSJ9.HpoXuvAJpCit6fHnmgHIX54UWwzz19q0lAlKPLXkiCWr6j_Nkg0kW1KT3ZYNJwautcQKjWVebdQeLuZa2rgY_BpQDNtnNWQcu0Zf_YB2QZW6P6tomRHguPBrPTjXF0r7qEeIe0SBgVdxGRLOiJnpCJSz5PebU06obkWLj3sGGIybrilx5jAiGsmIH59UQeLfG9dszxNMn6VYZk4MLdIxxDRvKaxWHNXFByOcFzakRcD4T4niBYb-n7qKEWYadxHXbEauofjHii1z_0l-BLJcNGbLZyF0f4s7OGPlxO_gpsI.7hS5EeMqntjAA2urHKHzjsCxmlrA2u_AKeHXCZg8iLc%26dib_tag%3Dse%26keywords%3DBlackStrap%26qid%3D1747915462%26sr%3D8-1-spons%26sp_csd%3Dd2lkZ2V0TmFtZT1zcF9hdGY%26psc%3D1,Exact Match
B0BRX4VTBV,Cra-Z-Art,Cra-Z-Art,https://www.amazon.com/Cra-Z-Art-Washable-Classic-Assorted-Colors/dp/B0BRX4VTBV/ref=sr_1_1?dib=eyJ2IjoiMSJ9.hoPhRAd9y9hPzhMqvljda_n-gVqmlm-IME-TZQJWSi5Vzli01SQ9jAMsYr_5Kb94vl9Rt80XqEIO5ZtN9O1Eph3rzxI72zSupLYRTLAvV8_bgn43_Cgh6b5BnJQqYxCcADAQ8IuyKwuIOpztNSM4FM5LxRMkyJNM2C8WgUQjajeAIsWGxYiQrA7-iHRCFIjRFJwLfE9NuSINzSvowauH6guZd3F70xyrjktH01JuqLE3a-EQ0t4fEdCA_KM14_qbwDRkNIf8MkpsfHUKLQWBgNyelnhfURVCFvuxXxxkBQk.TNGjAMnt8PfEZ6XUJ98yAAISfPGr3OlCTKyDS-XyAww&dib_tag=se&keywords=Cra-Z-Art&qid=1747915468&sr=8-1,Exact Match
B0CT6NMTP9,Ancient Nutrition,Ancient Nutrition,https://www.amazon.com/sspa/click?ie=UTF8&spc=MTozNDM0NjU5ODQ0MjY2NTE4OjE3NDc5MTU0NzM6c3BfYXRmOjMwMDMzMDI3NzIzNDQwMjo6MDo6&url=%2FAncient-Nutrition-Probiotics-Hydrolyzed-Unflavored%2Fdp%2FB0CT6NMTP9%2Fref%3Dsr_1_1_sspa%3Fdib%3DeyJ2IjoiMSJ9.ApnDJ5tQRpVu9b8Ty3tGUYa7SL9s3Tr2xcR8KI11PKKesddF9pT9ZF4YJuukCc5Hu_Uq2n2lHm5oad3NhukCc9GBhTaY3cjAUFrMrmgfjZao_3qtMFHJjiF8gj3pGqmuGuQ3wNu_RbZUd_-21Ic3uojInJDmnOvYQtG4saD4qFvfC7ICwHh-g3X_Ho3yOm4ESUizlrynFfFMLQ_UzEU5MQSibQQy65hEpbVWfrDBfmUeQg_Du965lRsiSTeHhaKUYFaI1vD4Z-sINEULzAd0qyHcMMSGupBFY_DCJuiEBl4.QXZPZazEsZrOERxNEXxdbtbgRy3HD60b8fYxGPjOZyQ%26dib_tag%3Dse%26keywords%3DAncient%2BNutrition%26qid%3D1747915473%26sr%3D8-1-spons%26sp_csd%3Dd2lkZ2V0TmFtZT1zcF9hdGY%26psc%3D1,Exact Match
B0BW4WNN9K,Fenix Store,Fenix,https://www.amazon.com/sspa/click?ie=UTF8&spc=MTo3MDYzMDU4MjQ1NTY5NTg2OjE3NDc5MTU0Nzg6c3BfYXRmOjIwMDE1MDgzMjQwOTM5ODo6MDo6&url=%2FFenix-E35R-Flashlight-Rechargeable-Performance%2Fdp%2FB0BW4WNN9K%2Fref%3Dsr_1_1_sspa%3Fdib%3DeyJ2IjoiMSJ9.ao06KX3YzkJXoMcjgXhvtZYpcMlHGSxRmaTVmlxlNzAsT3-L5pxRmHlmZuNYWVZqVL1QGfSbkL64WiQ2Ie7Z8VFcpKsL8w13dIHHeGTVkXSsB1ClZQvKJeu0TvCjG1Eak_Ippk8RDeL6LFk80vPNtrmzhKylkKzuSxFDQNJRYpOfbo37gDfrafsN8n9YNjR9tqQ-XTqy4hTIQZhjYmejEttV26vJO-02DoWz9aWMTK4HyWIRKYnfUjhJCqpC-QCXnM_aNIC1dNUifmkAP9y2xRek77AsrI6CO9FmqFqroC4.JRmNqvekseCB4ckOh9VTXYZ3UlUfXnYxOHq4mSuouZI%26dib_tag%3Dse%26keywords%3DFenix%2BStore%26qid%3D1747915478%26sr%3D8-1-spons%26sp_csd%3Dd2lkZ2V0TmFtZT1zcF9hdGY%26psc%3D1,Word 1
B0BX73FQ15,RBX Active,RBX,https://www.amazon.com/sspa/click?ie=UTF8&spc=MTozNTQ4MTc5MTMwNTU2ODYwOjE3NDc5MTU0ODQ6c3BfYXRmOjMwMDAzMDE4MTA0ODIwMjo6MDo6&url=%2FRBX-Womens-Lightweight-Stretch-Drawstring%2Fdp%2FB0BX73FQ15%2Fref%3Dsr_1_1_sspa%3Fdib%3DeyJ2IjoiMSJ9.PCFRavwPXZR4tV7tFURldR54fnhaecoBhwn4v0hpYB-IOFPEzehgNe7leUj87Wgum7QCnIqJafHRgz9gDOOmI0Qjm1JBFOu5cwEOu3cEqdrd4ZsGRi9Adyj_QHaqdNyXmvJmhlYnje0SJ8HauZ005OudyECIj8YQZYl3vGYFmN5li3pyvL96doEyNP5MHPLE07Cv1pzxuw4pxf2URU1deMbYM8utrIgGpUlRgd8c5TBOc9ALbaSFWAr-_9xDLuOkDWc1jf2wSCjwFNiJgcSR8_i12YHgSPoRTL5xJnh8bVk.3x7KyaCC8UJ4F-JwnGUB4gc_1keFHxGzhF2eB8g-tjM%26dib_tag%3Dse%26keywords%3DRBX%2BActive%26qid%3D1747915484%26sr%3D8-1-spons%26sp_csd%3Dd2lkZ2V0TmFtZT1zcF9hdGY%26psc%3D1,Word 1
B0B9ZDZ93S,Toccin,Toccin,https://www.amazon.com/Toccin-Runway-Pre-Loved-Colorblock-Multicolored/dp/B0B9ZDZ93S/ref=sr_1_1?dib=eyJ2IjoiMSJ9.ijArXLhnTxE27ywG86W3y4UOV4JXgVzLS55TIUncZvWAKCp53PrSMuGBbKhk1O6OBZu7ynav5SFkdR8paKZYSwm1I6cgcVNCrmScHMdCT59qRJ_05sBkqw0IW0wYE606ZaPG58CHC_CCDCVCi1ys8oKqd_4l4Bb9akI7Iw4SbghoDdwC7RFjGHTNB01YzH7garicQKNBvVjAhPJ7zkIiHzegTvc1mlGfXK5tNHCKzsbWYjbKaYxptFlvC3M4g22Amh38Wr__tMSGofF0edP7dKm3q3cR_yy_tGwJyBxDW5U.6s_co92ngNtxzAf_MmEgGGWrodIgzISja7vPO7PAi34&dib_tag=se&keywords=Toccin&qid=1747915489&sr=8-1,Exact Match
B0CKBXPBLH,Kiala Nutrition,Kiala Nutrition,https://www.amazon.com/sspa/click?ie=UTF8&spc=MTo3ODE5MzQ1NDk1Nzc5NTY3OjE3NDc5MTU0OTQ6c3BfYXRmOjMwMDE4MDM2NTM1MjgwMjo6MDo6&url=%2FKiala-Nutrition-Super-Greens-Antioxidant%2Fdp%2FB0CKBXPBLH%2Fref%3Dsr_1_1_sspa%3Fdib%3DeyJ2IjoiMSJ9.dqNrOwYx8gqdfWB6BCefjVhMsUu1pTr_EkEcmQJfodBTH4zTn0N-IWZjcGb8DTskx5n0N8oGTsO1d3OvMl2o8k-gOYMKFlXoCiyxJ2MpQF0gwCUpEB7WWv1SVH1d0KKk1s0W75rWK-MKrZSueYHV7flCrfTL_HdK1E9KNXj6J5HSIKHY8NusX2GR0vaxu-o3JQyABCFcbzKzKTf45ty0dTJF94zH8fvY8oHx2s6veLyYvKPMpo9-r7b_ECsHMO4B9iCW1Bz89uMmIOSzjX64Y7RwcfH8EfEie4oYwgK4anQ.DBr0olyDqY4HlaMxBVQ2FT_19vQydAl5-s_HpaXz0mA%26dib_tag%3Dse%26keywords%3DKiala%2BNutrition%26qid%3D1747915494%26rdc%3D1%26sr%3D8-1-spons%26sp_csd%3Dd2lkZ2V0TmFtZT1zcF9hdGY%26psc%3D1,Exact Match
B0DZPYNXWS,Howler Brothers,Howler Brothers,https://www.amazon.com/Howler-Brothers-Snapshirt-Gaucho/dp/B0DZPYNXWS/ref=sr_1_2?dib=eyJ2IjoiMSJ9.lctCQlkJZRVae4I1aiIHzhiG8UAaaqLfBy1X4rH0Baz_jSKXjsaRizv7VnI1Mm6xQ-gpMmr1PBAbc3Ow0NE4Yf9G5I3pL1mnCkd49Nps-5Pj9DdVRdI3rSNQZ_MK1_r32hMzORr3mxulgahouiTVpkjl9Z2P1_X338QS-PbLCkC7I7TmmoHsw5zEgBv1TAIKC0fi8YiNzpdvPc7hNVTHq7mjJSEIVehkJAHhStxtWCyEsSVzBdSiGU_CP5BMbFQ9XsCfOdvBpSb21WJRMmhjDvvQ4t40QZrE8fXqIuY4Iak.-qkJ10BNpCq3fp26c8JrTF-cG0jLASo102933-iNBp0&dib_tag=se&keywords=Howler+Brothers&qid=1747915499&sr=8-2,Exact Match
B000CBSNRY,MAGNA-TILES,MAGNA-TILES,https://www.amazon.com/Magna-Tiles-100-Piece-Clear-Colors-Award-Winning/dp/B000CBSNRY/ref=sr_1_3?dib=eyJ2IjoiMSJ9.ZuMpvZnGgxusvKgBqTWw1IFJ3ChLY0xAmQin3lq49t3ttlSBFBDcqtglM3hZnDtSP6d6psez-y60uG1wonz5fs7Es7DAY80lWnX5fkqQG5Cee0lpWaXdsTrCCGBLCir_C4lEJAKKcwhi-mKOz_iHIUoLRCJRRcnO8Fc7J4bEyDJTYD_ad9jP3FSLVsxTiHCWpndWpgOnv60D-z4nirl337lOxE3RTS51QlAMvLhBm6EWuN0-ZiwzFlpgmp_BO-kKa8csnxZYaM83I4AVpBKTCdi4N7v9sJQxLNy6yASK8aA.1-ZveQ8jvqgMjKJW7GDS9tMrpCWD4oOVkw23Ubj4CVI&dib_tag=se&keywords=MAGNA-TILES&qid=1747915505&sr=8-3,Exact Match
B07QR8SYP1,InBody USA BIOSPACE,InBody,https://www.amazon.com/sspa/click?ie=UTF8&spc=MTozMzQxMzYyMzgxNDgyMTQ3OjE3NDc5MTU1MTE6c3BfYXRmOjMwMDI4ODI2MDk4NTkwMjo6MDo6&url=%2FInBody-H20N-Composition-Bluetooth-Smartphone%2Fdp%2FB07QR8SYP1%2Fref%3Dsr_1_1_sspa%3Fkeywords%3DInBody%2BUSA%2BBIOSPACE%26qid%3D1747915510%26sr%3D8-1-spons%26sp_csd%3Dd2lkZ2V0TmFtZT1zcF9hdGY%26psc%3D1%26smid%3DA12CXXM4MUN90R,Word 1
B0CYWKLT4B,Figue,Figue Women's Dani Dress,https://www.amazon.com/Figue-Womens-Dani-Dress-Zinfandel/dp/B0CYWKLT4B/ref=sr_1_3?dib=eyJ2IjoiMSJ9.IFxmTwD98NcW6EYDoiQYW7xebOobgZY6OzW-BzDF4cHSoJC_9Ua5iK7_nqXf3cy5xNTvPlhVdZ82SJbrtlmUbBhw3i23p82QdByCEAEhAmv13QHiqruKZNlyRywhYWlKIrpqH_Q9n_p9FNZFzSArz2oJZF1_zljeTu1CiOr_hxxT6if3tlkxO4jpcuyWHmVsqRwsi6_O9BgoIF41M8ER8Q.F3DYltFWZrLqUap4rCItgs-nrLAPgA9pHosxVkURA9Q&dib_tag=se&keywords=Figue&qid=1747915515&sr=8-3,Word 1
B07C194DQP,Jonas Paul Eyewear,Paul Smith,https://www.amazon.com/Paul-Smith-PM8266-1618-Eyeglasses-STEPHENSON/dp/B07C194DQP/ref=sr_1_4?dib=eyJ2IjoiMSJ9.e3fQ51A0rmvc5qg8D3M5dtgHGG9DoK73hCljtSIUkyQv-dJTeE9xwYJ9jIbgCY8lb6r1TmdZF5nnQmkezDp-QRDcooG9m8_OeIELYl_tZzlfQbK6iVcHctX2lleysJWm1fvjnI0LM5D00FOp1NVTxi9Ttwf1-tOPzoFE1jPPnS73YUGa418mVJYZ-qCzSL2GKLj8c34R3sF4jjiqPtyYYc64qcxQx1dJFBzQWrMrJv8.71R-sp0SoG8FVGsDaTjiWn1Akp0qwU4tY574-rPCnfk&dib_tag=se&keywords=Jonas+Paul+Eyewear&qid=1747915520&sr=8-4,Word 2
B0CTP9FQQB,Cider,CIDER,https://www.amazon.com/CIDER-Womens-Summer-Cocktail-Dress/dp/B0CTP9FQQB/ref=sr_1_1?dib=eyJ2IjoiMSJ9._424kekG26jVgiAfMekYqKcvVc4qRzMS292C4VR6a-YZeb999OQ2snbnOTpxp4IdQBHGAh3GzaSR6Pz8Cr991fa2znnsFiCDzL3vsOY6Jdr4QpLAb2Rtvnop3dopvpZQpqxp0DBpcw9WjPCKu3acdRXu2K4tKrk1syl9QVStcnJbmhjVz75kZkDz9aqnjjxA1eL-ORQmA39CGEN6ICFVg6zXDlq32qKqE9J9KACOCfqP4_zLC5s3hTDgcnhI8lnegtqcYmffxh1muWUI-HsEltqUnnk3Ou5VeA7mC9BWMoE.Aa6jB9h2xJF_IOzZSgRyp7cWihjhN7pg2ouII6BVwi4&dib_tag=se&keywords=Cider&qid=1747915525&sr=8-1,Exact Match
B08ZVTKXC4,On Deck Sports,On Deck Sports,https://www.amazon.com/ProMounds-Blue-Fleck-Rubber-Flooring/dp/B08ZVTKXC4/ref=sr_1_16?dib=eyJ2IjoiMSJ9.iZ-PdQ08LXt5hYf9Fy5VOmiC31pKGpUQhUvmrjxPtiH1uaCaLGIJnup9QqCkZShxyJj4azGNKHDEY_F1dyDYUqxeHpEqE3J2WorC6JHwLCsQczcx54oiG_0-bFq2Mf26OT5Ah0gDkidznnx0p8ff4zPiGEjyfU4H2Pg-VJ4yfLR5fksDXwjloCtz-g1E9KPUuKp5UfSxvlPHQeDoIITq-zH5bkmvGqtabVVxI90z784pKe7--wREDukZmgZoffgZaJsj-nCNIqro5Ql11kXfJ5mRVXr4FDCRugssSNyxRZY.A-x-uyKGwUKhhepnupk-I4J5aeSFIoqpNBzoQCH9TXE&dib_tag=se&keywords=On+Deck+Sports&qid=1747915530&sr=8-16,Exact Match
B0764DWHGH,Arbor,"Metal Pergola Arbor,4.6 Feet Wide x7.9 Feet High Assemble Freely for Various Climbing Plant Wedding Garden Arch Bridal Party Decoration Wide Arbor",https://www.amazon.com/Pergola-Assemble-Climbing-Garden-Decoration/dp/B0764DWHGH/ref=sr_1_5?dib=eyJ2IjoiMSJ9.SvYKLADaahMGf3YH9xuiRWNWG6ddd7QYZ56EsGcXwE-0j1-NjUs600UEj4Bp9Y4rveZpgDtNFEgnvl4DEDG-zJwrhl7H7Tl3ZTfYG9ipqT9MvPqm3H2SwIu5seV-7haXv1tzARlxXbpvTyfEUJ5BnNJ4Iy7qi0c_YLtthCdX2c3Nj6oN8Fj3MGRuwy1j8G61u_7J_2nTCd7Fd1QFQWWiK-KMY_yLbbi4EqwncySBojTRRNKSvO53Q9KU8Q5EHP6soNK-QTodVTwTcl3Dos4SsMJPhly1mO_PRwhZgn_Ad4Y.49fVTvSX7BrPyrPTZTS1GLaJexnPbq5DrPbtsuOn-n4&dib_tag=se&keywords=Arbor&qid=1747915536&sr=8-5,Word 1
B076TMB6QJ,Dylan's Candy Bar,Dylan's Candy Bar,https://www.amazon.com/Dylans-Candy-Bar-Everything-Under/dp/B076TMB6QJ/ref=sr_1_4?dib=eyJ2IjoiMSJ9.0Ch8-Q8VGYIquC_YM41qkLZXlzbIYbqRQ0bBYyQVlWUIrfyp93vbeu4Q46YnSrxKEd9FJIznL5t8DcE0zkd44W12ffJFCUomAx07y-AKrdu5NlLaHTUFwUbYWs659T6Wmi-TzY5dv7j5Qa8oh5dq41oeZtbsdaxmtp7XzKLKYejkLAVr-dZ9_O9IbxVmVcXwUWlA3pC_oBhToifLdUS57IiMuF8o5L1dJXQ36GaJa4Jl141eEyCUIquMuyfODwcDPusQCDdglpXipSZUeCskbxZmGTS2PXwB2hQf0kLc0Lc.qDCbM9MlCcccVCPernvL2hVX6ugkQKfm9gzE0VKLstc&dib_tag=se&keywords=Dylan%27s+Candy+Bar&qid=1747915541&sr=8-4,Exact Match
B0BLY33WCW,Huckberry,Huckberry,https://www.amazon.com/sspa/click?ie=UTF8&spc=MTo3MDQzNTg3NzU0ODczMjYzOjE3NDc5MTU1NDY6c3BfYXRmOjIwMDEyMjI0MDUwMjE5ODo6MDo6&url=%2FFlint-Tinder-Stretch-Comfort-5-Pocket%2Fdp%2FB0BLY33WCW%2Fref%3Dsr_1_1_sspa%3Fdib%3DeyJ2IjoiMSJ9.vLTvuAd0sQBYSO-YTk-oavKT6Wq8hj6z8L8-fCUN4DntDne_He9j276VLCvVRm71HhAxVTsUUughE2QcWcR5Nuhdnk9P_Q0uFZ-fEwYlOeUa_w2UsKH_K48xWJRWjYRmVAkphubSw6d5fbKagkWEGFlGPk0hisDCW41oHMpPW4KefbcWf15MZ-uZgUa8Tu2W50_WMibolNk64M5AXso7ZRCeBEM7Vznn6OI4ki9ZZlhVEuHgtnic72u1NQz3c4TUvnfRfb3PY7_bGFmCHhkkwJvpCRIV6RUq9sV3FEyscik.uGOfip8CCm66kCrSby6P6IKjI1qUeVqb-mmtd8cnnL0%26dib_tag%3Dse%26keywords%3DHuckberry%26qid%3D1747915546%26sr%3D8-1-spons%26sp_csd%3Dd2lkZ2V0TmFtZT1zcF9hdGY%26psc%3D1,Exact Match
B0C51JX1NW,ThirdLove,ThirdLove,https://www.amazon.com/ThirdLove-Classic-Adjustable-Comfortable-Underwire/dp/B0C51JX1NW/ref=sr_1_2?dib=eyJ2IjoiMSJ9.sriYXSzBYov-gPKKvOxRTxm7GetmC7PT3wU-yiy3U2Bqdd9lN8pLqx2coKEeSj17OFLgyzOSoBqcVv0S6wPTZXaenTefq__3GgIVCEL-16oGrrGZi-iK78XnTZk6i-oKo_pi0usa8m_78Jo5LGLq5GvhgF5tPV7fKEqSjk2MHj4Ry7AT7_oMfB5UzpCbayheO1ZCb--ch6RHPApRCZe-02_VMRlzEKLyEm1Rwa2BOcVpTSadawU4J2KIzQScoDDYGKidVkizaW1O07JVNeOmhgmmBceFPcAeFa1i_--ppQM.hQTd1tWun1oGiLR-6xUJSdoi1Nps_LYhmKTCnaRCM9o&dib_tag=se&keywords=ThirdLove&qid=1747915553&sr=8-2,Exact Match
B0C18QN8G1,Merrell,Merrell,https://www.amazon.com/sspa/click?ie=UTF8&spc=MTo2MDk1NTIzMjQ4NjYzNjA4OjE3NDc5MTU1NTg6c3BfYXRmOjMwMDA2NjI0MjkzMTEwMjo6MDo6&url=%2FMerrell-Mens-Tactical-Industrial-Black%2Fdp%2FB0C18QN8G1%2Fref%3Dsr_1_1_sspa%3Fdib%3DeyJ2IjoiMSJ9.6d2h-BqMk6Pf9val4539s28PsydB3YUn1-CGlIlH6CIhELvTBdHEijtWi7ulcLIc_7CIe5nQAujsY-JzFb5UaRss0odnWpy_idhn-GymQFKf9mwuuecF4_Ea1zkKo43oPKeYBJ77zgxuWtZn9W1FPbx9qR4sbhRRkx8WUIHVrmOq4IWUiAloUMKy8DPsldLOmyn48rR_9M60du8NW8h_luXOC-G2UdFSiq2dhCFxGSCD_eFvgYzRP0IgUl2TubRI3Ubp06O3PJz6TZRrjiQjoLoTGiy12ArRQ2yIqFXQZo8.5d-7DzTKrLouKKfHl2f8RQeEvWspS65_1_IEMTslt7k%26dib_tag%3Dse%26keywords%3DMerrell%26qid%3D1747915558%26sr%3D8-1-spons%26sp_csd%3Dd2lkZ2V0TmFtZT1zcF9hdGY%26psc%3D1,Exact Match
B07KQKR56D,FIGS,"Traina Home Grown California Dried Whole Black Mission Figs - Healthy, No Added Sugar, Non GMO, Gluten Free, Kosher Certified, Vegan, Value Size (5 lbs)",https://www.amazon.com/sspa/click?ie=UTF8&spc=MTozODgzNjk2Njg3Mjg0MDc0OjE3NDc5MTU1NjQ6c3BfYXRmOjMwMDUwMjY1NzU3NTMwMjo6MDo6&url=%2FTraina-Foods-Dried-Mission-pound%2Fdp%2FB07KQKR56D%2Fref%3Dsr_1_1_sspa%3Fdib%3DeyJ2IjoiMSJ9._pCAz3o6moJaredVBsfeZjSq18RagJiCkxwbxIeLnqx_83JtAbWiAtzEhbMeQBcyVdYQKpowoSHo_mQ8ZCEWuhFd1ihM610Q4YAEuyj7TtLpPqMp5Z_D4-IIHt6cz4bgf0DEIa8OVrnIyopb4OGBDnTr9MhJZcrMElKrB609Uu-aYCs0froQpXukE0OHM9kMCmkioHlYWJ2ys9p4EbRcOI9VWqGz2C_F_IZgGm4DUFcYDiItQT_VW5fGZex5pn6e-GaczFMfOtvfRbShDA31d_tTTWRReIiJBea8KvaRSOo.x2Lu20YEhM0HT2j-6inzFzudDzli6BgOg_5YyfIZsvg%26dib_tag%3Dse%26keywords%3DFIGS%26qid%3D1747915564%26sr%3D8-1-spons%26sp_csd%3Dd2lkZ2V0TmFtZT1zcF9hdGY%26psc%3D1,Word 1
B0BYT1FWHW,Frida,Frida,https://www.amazon.com/Frida-Julie-Taymor/dp/B0BYT1FWHW/ref=sr_1_16?dib=eyJ2IjoiMSJ9.xgKoGIs0qOXj9xQBRTCCsO0-k-6fN-gWtFsLHqXLGpMuHP9kqwgV-QYN9n8ylyDqipjmoZ41ow7T52VQ7FCvi_Jbod-muDQIpjG9cWiBErIjKVSZI5LPLSd--adv8B-9TP1m4z8U-XNodzom9v7TvNOl789C8V6ynLIacnPz7hznSAt3Vo3SGp1oOpTLQLhM7fYuoS37Nr_CN1kpjoQGeqYfrmBJKiAlVzy1eU3BpllGkgROb0ZJkSYGJ3iuA8ViS8GECLUkM4ONIWGqBP00PRUo1wNL6pQRXiQyQ8Y3Xhs.4Scc8wt5v_P_PMAQTZuUvpNEWh95SuTC2_2MJNqE7_0&dib_tag=se&keywords=Frida&qid=1747915570&sr=8-16,Exact Match
B0DNFTWYC7,Typhur,"Typhur Sync One Smart Wireless Meat Thermometer: Standalone Base with LCD Display, Unlimited WiFi & Bluetooth Range, Enhanced Signal Stability for BBQ, Grill, Oven, and Smoker",https://www.amazon.com/sspa/click?ie=UTF8&spc=MTo0NTg4MzU0OTQ3MTY1MTk2OjE3NDc5MTU1NzU6c3BfYXRmOjMwMDU5OTc2MTc4ODIwMjo6MDo6&url=%2FTyphur-Sync-Smart-Wireless-Thermometer%2Fdp%2FB0DNFTWYC7%2Fref%3Dsr_1_1_sspa%3Fdib%3DeyJ2IjoiMSJ9.E73hTT-kmiVedddsUngCG33NWAFD5-vqkJqoFp6ShpleQSilEnAhIovffMseFNoNZk3SBHwAlu92uyCCY1jX8GjXhIvGqXagq2mWSvs_23WWwqMwry4lnc9KKlpQSDvoGyrTaebjAcoCL3u9IOJjty6DfeuEUPvL93zZLylgV5v17bbIacuO3l0lhlgHiyrG7JHrOtb8pEjHPzKbEiPPQ7Ug1-YLP86ng7hUbFOZYngTuRQvu3StJaVxypWwfixdUwY0eqRcS8XEFENfVPI7e_jH0kghtuIRJta8J70lQbA.DQ6MsmUrGzF4vgwFTUAbH8S3rreMiAsgbXQY36rq18s%26dib_tag%3Dse%26keywords%3DTyphur%26qid%3D1747915575%26sr%3D8-1-spons%26sp_csd%3Dd2lkZ2V0TmFtZT1zcF9hdGY%26psc%3D1,Word 1
B09V8D3QFG,Chubbies Shorts,Chubbies,https://www.amazon.com/sspa/click?ie=UTF8&spc=MTo3OTY5MTUyOTE5NTc0NjY6MTc0NzkxNTU4MTpzcF9hdGY6MzAwMjg2OTExMzc1MDAyOjowOjo&url=%2FChubbies-Performance-Everywear-Inseam-Medium%2Fdp%2FB09V8D3QFG%2Fref%3Dsr_1_1_sspa%3Fdib%3DeyJ2IjoiMSJ9.5VyMvR3bD530M1LGo8P8hG8qshSY1b583z9kcXWobOggphBiaIt2TJbncvusvbTdObjsDOUspM85sWMALvEjg2vs5pdy6sTsa0EAvKnJ9HOF2aBFhlCGu6zr12fJkgxKE_mEWinf7_m7Y7nMDpEBjh9i6Fc6EkaB85Lr9Q8FlR_BrEoydQZuh-MCDHJeN6OIPAQ1Hbk-hvFnWQbOh-q7yBJ94t8my0sVZ2cGQ4zGLGfiHTPM8t_slHNX4B_kvR2Lec63OF8-_-1Js80gaWfTfUielxwn8bVreXjYe4Hwgtc.AmLERbVJClBNdcZQNdGE9TKGtIJ7iElAoiPbdYwhMAk%26dib_tag%3Dse%26keywords%3DChubbies%2BShorts%26qid%3D1747915581%26sr%3D8-1-spons%26sp_csd%3Dd2lkZ2V0TmFtZT1zcF9hdGY%26psc%3D1,Word 1
B00SJ1QAUG,Spanx,SPANX,https://www.amazon.com/SPANXsculpt-Seamless-Power-Mid-Thigh-Short/dp/B00SJ1QAUG/ref=sr_1_5?dib=eyJ2IjoiMSJ9.iOQruociTD_kig6bvEZCebRHAdmf7JMEajGLFI5hJ2v6njIUoFNpKFMD52KnESwF--gsgwFn2nPMuv0c4qO1CrB9ZcCWaRsCeNPQEznOHSl-jfPk7SxBBMsqlEBjO1Pd9opM8Ukf7txQLG5lRfShsa4tRtvbNhXS7FuGn5RjWGboUvDqKC7d-bYS_2haydXfHWx57tHsDyvUXQ9f9JhmPTP3lDXGw32Dcq35KvXWlGUWMiPKUdJ2Wu6CHGulBr7JTJj0wyYqDE1HkEwe1W_AuM-6byj7YyV2uHjLyRY3YCY.HHKx3-OImX10yCUM98WE7qXOkFxB9I72DgLgZ643W2A&dib_tag=se&keywords=Spanx&qid=1747915586&sr=8-5,Exact Match
B08X69YDGT,Bombas,BOMBAS,https://www.amazon.com/Bombas-Womens-Ankle-Wisteria-Medium/dp/B08X69YDGT/ref=sr_1_2?dib=eyJ2IjoiMSJ9.kaFQx3yaaMRyBayS4pZlmLck8E7mutzioqDeCVNtCB4V6Z1fLimwq0TkKJqiBMhpGcXsfJibS7JDKshQ1I2U0UGfY36lnOhjoPkt0ZfCxC5VAveTqlz5VzdjCnIZdjucFNbN9kbftvXd_yfFbGXC9hoTs89oOt4yTyxD-M1fiLEFImFJhSSqSLMx_TvJKy7NganAhnDK1SoqkR6vJ09ulTWIAvw3Ko8gcMeegu8W5zcTImPsMAv3TPzLzZfoCRqKzWoOyl_ntKltPVDrQvWK7fVO3LNGBfckqaGq4-DB0Ho.AjhXYXqj7C-cy33_5ZgOf6_FVm9V0TPjbhqPNZ9Ue74&dib_tag=se&keywords=Bombas&qid=1747915592&sr=8-2,Exact Match
B07GL7H9B8,Oscar de la Renta,Oscar de la Renta,https://www.amazon.com/sspa/click?ie=UTF8&spc=MTo3OTcwOTE1NzY1NjExODQ4OjE3NDc5MTU1OTc6c3BfYXRmOjMwMDMzNTk5OTc1MjcwMjo6MDo6&url=%2FEspirit-DOscar-Edp-Vaporizador-100%2Fdp%2FB07GL7H9B8%2Fref%3Dsr_1_3_sspa%3Fdib%3DeyJ2IjoiMSJ9.kaFA01ITcEAJ-H0G51MKrr8N5WNmGV5aW1_pzATT3tZPeUWgUqD4Gv-V1Ii0M5vMWNze3w9hEN2i_GTX5exYDCUtVTGrP8SD0rBW7o1rAnIeVFDrk3Z_Ihbd8VNl2348un8Ui_bDfLRs5SU9bRHfT08O5kXoCPR8oexnalbzPrippnaXMB2R4RvIeEOdbzY3WvmyH9aIgddJI6KGC3zUxZhHeakr2IYHoxL0OL3okm34XYSMyzgaJhGbTGDUF3J_a10EGXU0b-EnReRVGTqKTiXBmn-zI4g3FrH4S4Tnx1k.jjCYOi6ErkOEDbNQYFtcnujSrZRPrVSyZoEh4WeuZw8%26dib_tag%3Dse%26keywords%3DOscar%2Bde%2Bla%2BRenta%26qid%3D1747915597%26sr%3D8-3-spons%26sp_csd%3Dd2lkZ2V0TmFtZT1zcF9hdGY%26psc%3D1,Exact Match
B0C1T2H54Q,Chillhouse,Chillhouse,https://www.amazon.com/sspa/click?ie=UTF8&spc=MToxMjkwOTc2MDIzNjg3NjIzOjE3NDc5MTU2MDM6c3BfYXRmOjMwMDQzNTI0NDMzOTcwMjo6MDo6&url=%2FChillhouse-Chill-Tips-Nails-Kit-Nail-Art-Manicures%2Fdp%2FB0C1T2H54Q%2Fref%3Dsr_1_1_sspa%3Fdib%3DeyJ2IjoiMSJ9.lR73IhBHfzLTIvsSdfkPeInvr0iFMHA0JcJ4xWPcl4TpdG8ozmzs_S9qbog4ex_vndK4l6yEKMAUSxEA2sSeMCi20OwHnQG7F56IpJ7vF1YRrroZISDs9jVyb0YC5VBlkDjfwhgkMDlqjE3TAYvs0GC1w7HnO7XGonOgFKBi9ppICunnurLaP9_VGjS_FzvhoWCgMGRXx6W27BYZbtlr5krAXv6jiUv2MRCz3QGoaD4hL-KEA4At-wYiUypFpveQKlMAz-NjKapnC-PU1t1XjOTUY-GWADtHXoqbJRq4xu4.FrpQnL5aPTsa43f0vtnPM793ZIOesdVEv3aeYaRSGA8%26dib_tag%3Dse%26keywords%3DChillhouse%26qid%3D1747915603%26sr%3D8-1-spons%26sp_csd%3Dd2lkZ2V0TmFtZT1zcF9hdGY%26psc%3D1,Exact Match
847845699,DVF Diane von Furstenberg,Diane Von Furstenberg,https://www.amazon.com/DVF-Journey-Diane-Von-Furstenberg/dp/0847845699/ref=sr_1_1?dib=eyJ2IjoiMSJ9.ECwiO3k5dWne0FW4MKhUL3cX9V-X5iKlHX1qU_lTx5K23NBWnjXY4tD9MotzRjF0OUoTSUb2z-TTwE23G3ZFE5I1i4Wk1g-5pdulp1xRLYf2zmlDVr5L834p4MVur2D5KRw-EQG4WlMYM1QlWApWFG956vsmdDnTsPY1LutGMzybf6dhQD0-tOYXxv_3_ZmTd1DIZS6sNk8maAeR0laTehJI75U8JbdXF07_zSiIu_zDdoX9M1AEfpDKQ1ejlYsOVFnh3CNykOgD2oBWPU4Iv-hhZ-gNm4yjg_jIT54olFE.GQTMfNCCZWCGQDRuKkY8MMhVxBLNyDw6q1XjaegAa-A&dib_tag=se&keywords=DVF+Diane+von+Furstenberg&qid=1747915608&sr=8-1,Word 2
B07HKRQJTP,ROKA,ROKA,https://www.amazon.com/sspa/click?ie=UTF8&spc=MTozNzI1MzY2Nzk5MjYwNzMyOjE3NDc5MTU2MTM6c3BfYXRmOjMwMDE0NzU5ODAzODQwMjo6MDo6&url=%2FROKA-Performance-Polarized-Aviator-Sunglasses%2Fdp%2FB07HKRQJTP%2Fref%3Dsr_1_1_sspa%3Fdib%3DeyJ2IjoiMSJ9.E0PfTwY-8xS0HbEAwJ7Y1yI8lqqaf8j5sEmyzKfoEAUvTKBaoWpvgcgnQdHG0VnK8Kgd-Z2YMzjiP3lWI5mbZYYFip4j3aObMGROiJ7VdKbFEiUgvw9-z4TDbVsdtaZs_lIx8Zrm2y-HcHZ91hdUn7TMDlalMXJrnv31_rhfdVF6Ii5bkzCUcRhccvKMV5r5oC7dC2ey9Y483zOd2cBfwIc24gfLkaO0VGAXI693eixdfJt_UPPBou_zYgAfk0rULyFUbVOvbr5sFRbccHZX0eveMGBDZkQKv-JsevHqBg0.4zrZ-CM3g9kSsWZBIq0b5TlIsWYTumzr5kzQ5IZrlng%26dib_tag%3Dse%26keywords%3DROKA%26qid%3D1747915613%26sr%3D8-1-spons%26sp_csd%3Dd2lkZ2V0TmFtZT1zcF9hdGY%26psc%3D1,Exact Match
B07CN5S4FH,Stance,Stance,https://www.amazon.com/Stance-3-Pack-Cotton-Cushioning-Support/dp/B07CN5S4FH/ref=sr_1_1?dib=eyJ2IjoiMSJ9.RueZjQZjkYWioTCixz7lTknpieMptAm7_faXHT-zRklNNO094B3n8qtvrCyY_fmovP8w3byTI3FSCFwAMfM1RerQ3XXrITk4L1PjTQLT_Cza9tZd2Edah60joQWHyX1wubYNssA-G6O7eVuwfZ9Xqe1qfUmXs5Z2DcCa1oycctQtlylHhRfhC88l4mYaBhELqfGizlYqyhGlxTfQwGLf_iB_OpDb12AB4ovkGqEOw7SEUHo4PNQgkXCDVO-kcSwdx7Q4XFGiMxi2TWtLFIl1_AMc59AOgCHBeoX7eV49js4.DdDe0DW5HSPBi5pWdICUNXN4fpu0c53Glafe_WSLIFs&dib_tag=se&keywords=Stance&qid=1747915618&sr=8-1,Exact Match
B000C1VXI0,Halston,HALSTON,https://www.amazon.com/Halston-Women-Cologne-Spray-Alcohol/dp/B000C1VXI0/ref=sr_1_1?dib=eyJ2IjoiMSJ9.6T_S3tk_Zxf-ktH9691RKcVm11PRSuig99Ak4aHM90yVD3Mpu0SW07vYvqW9hdIWtD3lFos9O13KCFcOMfpe2T88iXOsmxlRnih0itc2H3vxNyy0xNnfk_qY0RN_SBvOsuxtPc6P63viRU2p5UhZaFfWQ7hBTKyMyee09KxOyA4MFVN98NEWHKHQ4hbE2Xe60Enb6Zug2qbrZaB8GzYUyjqPJlx5XpRgnD6Aj7TLgGwrKxJDA54yCVm2JKDhR9bLD2doDw2G4iA_eWnMODr4tIARsq38b-fqlIQ-2B1g5z4.xvGzRG_9G9RTxXq7lWva2PwJPVdvrqjRtaGGlX1IWX0&dib_tag=se&keywords=Halston&qid=1747915624&sr=8-1,Exact Match
B0BJXZ247V,Cellairis,Cellairis,https://www.amazon.com/Cellairis-Dashboard-Windshield-Mounts-Universal/dp/B0BJXZ247V/ref=sr_1_1?dib=eyJ2IjoiMSJ9.XZYj6Lfzmj0W9PPyFzkXY6a40DbI4uE58MjfL3fZ47t8anEeasaNz4bNxkLT4Oyh0iUpHkX5m3lPvLpguSJDwSkCXKdp86wKdWSQYZouBqJiq_3COUm02v8hg_aLjggrjgvyCmAyQcx2NpYJH5Chuma0iAsn0hNtdnvjf69SsiIP4gH3yfX_s2_xeNiXBhOX5SBEnX-Tb9SqaFLu5ZZqSgzUzql8IGdA14uPUiqsX54.dycc92vvaAO2DNnjCme-t5TwCQRqRoqYm2A1LtyLmfU&dib_tag=se&keywords=Cellairis&qid=1747915629&sr=8-1,Exact Match
B0025UIF46,TYR Sport,TYR,https://www.amazon.com/TYR-Wrinkle-Free-Silicone-Black/dp/B0025UIF46/ref=sr_1_1?dib=eyJ2IjoiMSJ9.XlHjhsblRuxqtVp-9CmEenggioXWE0ODusOmyY0IZUtYYIFhLWF21p46YPtEMxq-Faqq60IKI9BCBT3-ng55nLhc67zSLuaJaTg6AniN9i84XKoGqSESc6f9PfpFVBAcEIyncA4Xmc91eps431NAlLyTcU4Pn7dKiadRKTCgwFdrOLb42edvJxtlBHehjD1oyHe2t9qETPh3Ie40tYxAY4SphXYpsx92ldYqkXak6w0dWutbbVkwQ2FuNO1V3W4fDE8hXs6DJuiRFdZMX4u3L3g0jV8sfHKH-CMsqIUiwvw.lydxlx-6jTvOWAYGqfBbLhtXwSyNzA2BrYmdKZETLg4&dib_tag=se&keywords=TYR+Sport&qid=1747915634&sr=8-1,Word 1
B0F3NVPXKD,Adore Me,Adore Me,https://www.amazon.com/sspa/click?ie=UTF8&spc=MTo4NTAyMzg5NzYxODQyOTQyOjE3NDc5MTU2NDA6c3BfYXRmOjMwMDc2MDExMzA1NzYwMjo6MDo6&url=%2FAdore-Me-Eira-Demi-Push%2Fdp%2FB0F3NVPXKD%2Fref%3Dsr_1_1_sspa%3Fdib%3DeyJ2IjoiMSJ9.q9bnaHLG01bdbYMIPkVBc8Txffzr3ELxYYt2aeeilM6ZtcEFDYqhV5m73riVV5o0elXbo2SFmus9IyPflzTZQ6alx-UqZKuPfAPqGYajkyDpi-GezyHCi5OicLqTbYN1pA4CUqTjO5dnqA4EBKXs-doBg_F9MajP8BBB8yrbNYZDpgetfTLIQAgHqNtmLLAz8mkOL6ZfrutFOPhHgnHhwz9EIQzzb-jLQxa-673modsJN9yuaP8RlUItqjnbOUdALox6n0TlYrUB6E-EVC4_8C2vxCLgVZ0i84vNHOS95JE.Bv77P9O54DaR8Ve1OOWCQMFRH9c8AAG-xMW_qvWcpyc%26dib_tag%3Dse%26keywords%3DAdore%2BMe%26qid%3D1747915639%26sr%3D8-1-spons%26sp_csd%3Dd2lkZ2V0TmFtZT1zcF9hdGY%26psc%3D1,Exact Match
B0DHZ73GLT,Rails,Rails,https://www.amazon.com/sspa/click?ie=UTF8&spc=MToyNjA0MTI2NTI0MzE0OTc0OjE3NDc5MTU2NDU6c3Bfc2VhcmNoX3RoZW1hdGljOjo6MDpCMERIWjczR0xUOnNlYXJjaA&url=%2FRails-Womens-Rosalind-Dress-Ivory%2Fdp%2FB0DHZ73GLT%2Fref%3Dsxin_17_pa_sp_search_thematic_sspa%3Fcontent-id%3Damzn1.sym.626a125d-e2ec-4c72-9987-da8ac51c5482%253Aamzn1.sym.626a125d-e2ec-4c72-9987-da8ac51c5482%26cv_ct_cx%3DRails%26keywords%3DRails%26pd_rd_i%3DB0DHZ73GLT%26pd_rd_r%3Dd30e504c-06cc-47f9-a5aa-655381e6c904%26pd_rd_w%3DFdRsJ%26pd_rd_wg%3D3Iyd4%26pf_rd_p%3D626a125d-e2ec-4c72-9987-da8ac51c5482%26pf_rd_r%3DGSGSQY1FT7CXCMRQXNZE%26qid%3D1747915645%26sbo%3DRZvfv%252F%252FHxDF%252BO5021pAnSA%253D%253D%26sr%3D1-1-4cc0150f-85a2-41a7-ab49-060d6a39de3b-spons%26sp_csd%3Dd2lkZ2V0TmFtZT1zcF9zZWFyY2hfdGhlbWF0aWM%26psc%3D1,Exact Match
B0C1ZGY9K6,Serena & Lily,The Original Scalloped Basket Set Of 2 – Small Scallop Basket - 15 x 10 x 6 In - Hand-Woven & Award-Winning - Elegant Wicker With Scalloped Edge Lid - Nursery Storage - (Natural),https://www.amazon.com/BEBE-BASK-Handwoven-Rattan-Basket/dp/B0C1ZGY9K6/ref=sr_1_18?dib=eyJ2IjoiMSJ9.Dle1gRouCIyBr65-0v6HI9ysGiN0DLLqgV9SASDnDS5fSy2M4Gv65w8Bf6cWXfPBu1UMwDsHYWdA4SGiN0pmr-iEYDMbJ4VHmC7giuPs97jA_TqSXBeqi51nsXnL7gx_ZRgoP5lkiO5CtGp7zp6bP6WRZecOUHobd_jbn3ohJDSIP5ANI9sqR4gDTLFR8-0FXa2wcBWUBrR7MlepkszBXiacFI1jgXwxFCqAVPI7w2JZtwvSOkYkCH2SJ6EiQWPTSXlkeEYKoYg2C4ow1cL3DKdl5NtBzLy1OFsHqgR4Kgo.hTVloB0RezUUB6cmha1KxEhqdy0xq3-017jnjLyQBSM&dib_tag=se&keywords=Serena+%26+Lily&qid=1747915650&sr=8-18,Word 2
B09BW5NTJ9,Zoup Specialty Products,Zoup!,https://www.amazon.com/Zoup-Really-No-Chicken-Culinary-Concentrate/dp/B09BW5NTJ9/ref=sr_1_2?dib=eyJ2IjoiMSJ9.2YmrAsNiTDgLYh9ops4iUSdqg6th9OsRKG0dRTQbsV5jIVoQH9kADp1j0Tzcug-Yu0RnVYvU_3cOuucKYV_ePU9rMxj7YcGhOBXNvuV8XOF2wbxL2YKdZTpMsXosDku0O-PGX9my37itFQxzGmoM3QYBgvkwGdFteJy0LA8EavU.77bk4YWe2NMnkpAI1dDz6PIq0hX_nhJAGGQqjGetLe4&dib_tag=se&keywords=Zoup+Specialty+Products&qid=1747915656&sr=8-2,Word 1
B0CZ3QP1G3,SHED RAIN,Lejorain,https://www.amazon.com/sspa/click?ie=UTF8&spc=MTozNTMzNTgzNTEzMTEzMzc3OjE3NDc5MTU2NjE6c3BfYXRmOjMwMDU1MjU3NjcyMTUwMjo6MDo6&url=%2FLejorain-Large-Folding-Golf-Umbrella%2Fdp%2FB0CZ3QP1G3%2Fref%3Dsr_1_4_sspa%3Fdib%3DeyJ2IjoiMSJ9.u2PTfB3u2MRfAm7CKuvPN8FMZwaHNbDgBr76bX-BTbuR4zFvPbi_8i9VA_y0atE-SlnaThbqPYd-RK8jatpVDY58_y536sy2T6S-cNclSQ02CSt3D8McdJlZZ30Qop9itAEyFwoXQgkW1haHMtpx9uOqLcOSCK7u9Rbh1f7W3Pyu14rFpeMVM4BkdGRsaHbd9WiVa85jgmopx0R9u3YrhMXLuqEK9SK0hc6shQI7LzRKAKw9G0BFDOD15_xeHme-enGKmaHcW-8EBhlG71RX2EVE0psIr_U3c00Fq5taFMg.B84YC5-65T8gzdlC-zlawe7qAILJ_tR4LpOCb-DJ7us%26dib_tag%3Dse%26keywords%3DSHED%2BRAIN%26qid%3D1747915661%26sr%3D8-4-spons%26sp_csd%3Dd2lkZ2V0TmFtZT1zcF9hdGY%26psc%3D1,Word 2
1419738100,Prabal Gurung,Prabal Gurung: Style and Beauty with a Bite,https://www.amazon.com/Prabal-Gurung/dp/1419738100/ref=sr_1_2?dib=eyJ2IjoiMSJ9.Y4tqTw20xidOwaCJUcottgsOKrXhArIQr7HSMkeIwxLLSnfYD2GGBvFhCI5jhTW5R_M-0WJrigMoKkYw2x_3uaoFBB5CYnoFPMd5q_G2-zVp4SkgZbdEccImyceW3A3qUZwLu_VVOL6gDi0Po74439jfWBN-pYsRrMj_K8FlxxU2PeVkIUF-IJuZF-4sZoua9gK5GL83PZQheFMWZ9_pH7iZ4ra5ipYGghZfBo-9CwlsjB6aV2Z7Z8cR0BoNUiwPOrlarzk5A62p7DFl8eXS9s-bPP6iEKjguVXhDd8O-Zs.9lu0SmaJREvjY6afwFgGhRpP7D_o_plXi35JEW3w1q4&dib_tag=se&keywords=Prabal+Gurung&qid=1747915666&sr=8-2,Word 1
B096CX8ZW5,TRUEWERK,TRUEWERK,https://www.amazon.com/sspa/click?ie=UTF8&spc=MTo2NzU2OTE1OTY5NDUxMjU6MTc0NzkxNTY3MTpzcF9hdGY6MzAwNTY2MDgzOTc1NTAyOjowOjo&url=%2FTRUEWERK-Mens-Work-Pants-Technical%2Fdp%2FB096CX8ZW5%2Fref%3Dsr_1_1_sspa%3Fdib%3DeyJ2IjoiMSJ9.d9ei1ZzjEII_5KnPUp3lQxsjjVrJI6hUrEC5iFDovyq-D-DT01NW8SGqwormfAvkhrH9iCxOUmdZWe4EoGEmOVBaZcp0iuKdZ8aR3z9WIXsjCVO-9wKrwV14bRvLOUGAhHLBvMSP4vtsMvRxpgM09uukUiR_MTE_f8dgrg2PIGp2-fqyXi8DO18XAzqTBASsOQZDORNAh_wSvLhtrIor4Hf13hUwEs2LxWRe1sPrCjQoODs2gyHj5m6KBt_AgTzwNKDwMsTiCMCG6Z9EX3fZeXOHPKLCtaFILWJJTQZk9cE.bz1xKCGt35lSF6JN7SiSH_zmcrOKdEI_sps3nGq2KHc%26dib_tag%3Dse%26keywords%3DTRUEWERK%26qid%3D1747915671%26sr%3D8-1-spons%26sp_csd%3Dd2lkZ2V0TmFtZT1zcF9hdGY%26psc%3D1,Exact Match
B0B81CRX95,Kaged,Kaged,https://www.amazon.com/Certified-Caffeine-Supplement-Weightlifting-Endurance/dp/B0B81CRX95/ref=sr_1_1?dib=eyJ2IjoiMSJ9.yD2C7W3WwdbBBPI0Px65kptH1tbKi4QcHjdUROYRSFYvlEb3qcq2PvbBU7-FoXPTMVkosCnJcXed4sgoEJlqHHeQMTB7DwIFvohdB_EkRUDpKaYBozjvTx_qLKOmg75Uu1dM_xjVcMT0hDutv5lfq15i-lIzneBiQQF8f_NxyKHBmdUyePImKK44Hvrc-bJDMIe_gI083qVZyo7oWb4h-kgqhTPdJyzBVDMNxrAWZ3CfCu7svpZQKAI5Xkmyf2XsuSBM4XHWjf5oaSnP038Zs2f3a9FxLTkKF_Y6dhV6xtg.SdjtakO2KCqcZOaJ9ayhFVjNlb_kVZFYEW8OghD5VsU&dib_tag=se&keywords=Kaged&qid=1747915677&sr=8-1,Exact Match
B0DNT9NTZH,PhatMojo,PhatMojo,https://www.amazon.com/sspa/click?ie=UTF8&spc=MTozNzM3NDI0NDQ2MDM1NzQ1OjE3NDc5MTU2ODI6c3BfYXRmOjMwMDc0MjUwMzkxNDIwMjo6MDo6&url=%2FPhatMojo-Tiny-Treasures-Baby-Outfit%2Fdp%2FB0DNT9NTZH%2Fref%3Dsr_1_1_sspa%3Fdib%3DeyJ2IjoiMSJ9.EzLZoryu-wm62WGuGqVEiK5B3kWFPm8GIrvbzYTHbMzjTUHkQEIWpObsjVsQ6xl_UlLYoN0T7X6lQBqG88Nyq8PpsEAkg2v2q2gBdo6F3hWpVFXwZw0gY-XttK_wgpaQlFWAAsrC6NUuZQkWkiyEX7NGpQzr0qfB7aBxhkIFoTbAnfTIAX1wfOcVYBRerummmBNLcPSDeyv7-n01Ilk5ZhAkOVLOC2ZdPF4RyEhIDodsVW7XwjNp-rQqkHq2ZTKTZJRsclaba3DoQgh7ouj9RfVGOur4tVHSQXvLfQwfe-M.R5rJsyQc0KbIHTAfhWsm5T6_GoiU8Ssil397VejoeJw%26dib_tag%3Dse%26keywords%3DPhatMojo%26qid%3D1747915682%26sr%3D8-1-spons%26sp_csd%3Dd2lkZ2V0TmFtZT1zcF9hdGY%26psc%3D1,Exact Match
B0DT3WQZNX,Lakai,Lakai,https://www.amazon.com/sspa/click?ie=UTF8&spc=MTozNTQ4MjYzMzEyNDY1MzYzOjE3NDc5MTU2ODg6c3BfYXRmOjMwMDY4MjE0Mjk5ODUwMjo6MDo6&url=%2FLakai-Cambridge-Low-Top-Skateboarding-Shoes%2Fdp%2FB0DT3WQZNX%2Fref%3Dsr_1_1_sspa%3Fdib%3DeyJ2IjoiMSJ9.T-eB5J3XRfe_UwY7xpOjzgYdPVkTYRF0TmNP9RZBZtphrEqOl9w6-Gq66s3VEMiWtAuMRcln7Xkm9o80nqdG1K3pWlWKQ8HW83nkpLKPgK6iMmq6_t4RQofJ7EZ_-a09u6qoySdIx_CwRWxyk5lT4jcM-JduoQx02sCOLZcI1iFmQVxGXA_c36NW8TaH3N5GgmfvFCkHuU5IinqoCsUUZ0Fge9CBNVK0x2XX659oj9ujampCWM6qlGrMs6PCPsJ8sowAR23nj3zYcwBHHL2-j1fuG7YpXXLDI2sogFT4LbI.9fH7csRKwr4VC41pdlGjQsjzWu15dT6fg0MPdCVkt48%26dib_tag%3Dse%26keywords%3DLakai%26qid%3D1747915688%26sr%3D8-1-spons%26sp_csd%3Dd2lkZ2V0TmFtZT1zcF9hdGY%26psc%3D1,Exact Match
